Workbook

Sheet Інструкція
B1: Battery monitor rev-a: деталі для монтажу і закупівля із запасом
B2: Деталі, що паяються на плату battery-monitor-rev-a (59 шт на плату з 62 позицій BOM; J101, TP102, TP103 - площадки без деталі). ESP32-S3 і Ra-02 вже є у власника; основний магазин - IMRAD, решта (U101, U301, F501, L101, R305, U202) - VD MAIS; резистори 0603 ряду E24 можна брати і з книги власника. Аркуш «Поза платою» - що купити для монтажу в корпус (вольтметр, відповідні роз'єми, кріплення, запобіжник у проводі батареї). Ціни, наявність і мінімальні замовлення - як на сторінках магазинів 2026-10-25; перед замовленням перевірити.
B4: Налаштування (жовті клітинки можна змінювати)
B5: Кількість плат для збирання | C5: 5 | E5: PCB замовляються по 5 шт. Кількості «Потрібно» і запас на брак рахуються від цього числа.
B6: ПДВ для цін, вказаних «без ПДВ» | C6: 0.2 | E6: Космодром і РКС показують ціни без ПДВ; VD MAIS - з ПДВ; Prom.ua, IMRAD, Mini-Tech - як на сторінці.
B8: Категорія | C8: Запас на брак, % | D8: Мін. запас на брак, шт | E8: Навіщо
B9: Дрібні пасивні | C9: 0.2 | D9: 3 | E9: 0603/0805/1206 губляться і «відлітають» під час паяння
B10: Мікросхеми та силові | C10: 0 | D10: 1 | E10: 1 шт на випадок перегріву або неправильної орієнтації
B11: Роз'єми та кнопки | C11: 0 | D11: 1 | E11: 1 шт на випадок пошкодження
B12: Модулі | C12: 0 | D12: 0 | E12: ESP32-S3 і Ra-02 вже є у власника
B13: Без деталі | C13: 0 | D13: 0 | E13: площадки на платі, нічого не купується
B15: Підсумок (рахується автоматично)
B16: Деталі плати (із запасом): сума відомих цін, грн | C16: =Плата!S45 -> 8328.764
B17: Набори (книги): сума, грн | C17: =Набори!L6 -> 0
B18: Поза платою (вольтметр, роз'єми-відповідники, кріплення, запобіжник у проводі): сума, грн | C18: ='Поза платою'!R14 -> 808.56
B19: Разом, грн (без доставки і рядків без ціни) | C19: =C16+C17+C18 -> 9137.324
B20: Рядків без ціни (AliExpress) | C20: =Плата!S46 -> 0
B21: Рядків до покупки «в наявності» | C21: =COUNTIFS(Плата!$Q$6:$Q$44,"в наявності",Плата!$L$6:$L$44,">0") -> 33
B22: Рядків до покупки «під замовлення» (строк уточнити) | C22: =COUNTIFS(Плата!$Q$6:$Q$44,"під замовлення",Плата!$L$6:$L$44,">0") -> 2
B23: Рядків до покупки «немає» / «немає в Україні» | C23: =COUNTIFS(Плата!$Q$6:$Q$44,"немає*",Плата!$L$6:$L$44,">0") -> 0
B24: Номіналів з книги резисторів, яким її не вистачає | C24: =COUNTIF(Плата!$Q$6:$Q$44,"набору мало*") -> 0
B26: Як користуватися: 5 кроків
B27: КРОК 1. Тут, у жовтій клітинці C5, - скільки плат збираєте (зараз 5). Усі кількості перерахуються самі.
B28: КРОК 2. Аркуш «Набори»: книга резисторів 0603 вже є («Вже є» = 1); резистори 0603 зараз купуються в IMRAD, книга - безкоштовна альтернатива. «Купити» = 1, лише якщо потрібна ще одна.
B29: КРОК 3. Аркуш «Плата»: змінюйте лише жовті клітинки - «Купити щонайменше», «Вже є» (залишки після rev-c: стовпець «Деталь з rev-c»), «Джерело» і «Магазин». Зелений стовпець «ЗАМОВИТИ» - результат.
B30: КРОК 4. Аркуш «Поза платою»: вольтметр, корпуси і контакти XH, нейлонове кріплення H1-H4, тримач і запобіжник 2 А для проводу батареї. «Вже є» - якщо щось уже є.
B31: КРОК 5. Аркуш «Список покупок»: готовий перелік по магазинах. Аркуш «Кошики» - сума по кожному магазину і скільки бракує до мінімальної суми продавця Prom.ua (Filur 300, Connectors 150, DIY mag 100 грн).
B33: Корисно знати
B34: «ЗАМОВИТИ» = більше з двох: («Потрібно на всі плати» + «на брак») або «Купити щонайменше»; мінус «Вже є»; далі округлюється до мінімального замовлення і кратності магазину. «Лишиться в запасі» – що залишиться після збирання.
B35: «Купити щонайменше» зараз: дешеві мікросхеми, запобіжники, дросель, діоди, транзистори, роз'єми – 10 шт; світлодіоди, 220k 0.1 % - 20; 100 нФ 0603 і 10 кОм 1206 - 100; 22 мкФ 0805 - 50. Дорогі U101, U202, U301 - лише потреба + 1 шт на брак.
B36: «Джерело»: «магазин» - купується окремо (резистори 0603 68k, 510k, 220k, 10k, 5.1k, 22, 4.7k, 1k, 100k - упаковками по 100 шт в IMRAD; замість цього можна вибрати «книга резисторів 0603»); «є у власника» - ESP32-S3 і Ra-02 (сірі рядки); «не купується» - J101 (провід батареї), TP102/TP103.
B37: НЕ замінювати: R304/R305 (0.1 %, тонкоплівкові), R511 (2512 1 Вт, перевантаження 5 с) і F501 0.25 А (розраховані разом), F101 лише NANO2 0451002.MRL (футпринт NANO2), U101 лише SDDAR / SQDDARQ1 (не FDDAR), D102 лише однонаправлений SMAJ33A. Допустимі заміни описано в стовпці «Що купувати».
B38: Два замовлення (перевірено 2026-10-25): IMRAD - усі рядки, які він має на складі; VD MAIS - L101 SRN6045-220M, R305, U202 (власний склад, 0 тижнів) і Digi-Key через VD MAIS, 3 тижні: U101 LMR38010SQDDARQ1, F501 0466.250NRHF, 2 з 6 шт U301 - цей кошик замовляйте першим.
... B44: Джерела: KiCad BOM (02-components/battery-monitor-rev-a-bom.csv, kicad-cli 10.0.6), сторінки магазинів. Скрипти: battery-monitor-rev-a/evidence/imrad-stock-20261025/scratch/imrad-workbook/gen/ (edit_offers.py -> bom_offers.py, check_links.py, make_components_ua.py, verify_components.py, recalc_excel.ps1); дані - сторінки магазинів 2026-10-25 (скрипти component-sourcing-ukraine, вивід у imrad-workbook/live/).

Sheet Список покупок
A1: Список покупок: що і скільки замовити в кожному магазині. Рахується сам з аркушів «Плата» і «Набори»: тут нічого не змінюйте.
A2: Купуйте магазин за магазином (рядки згруповано). Порожня ціна - AliExpress: шукайте за MPN зі стовпця «Що замовити». Перед оплатою відкрийте посилання і перевірте наявність і ціну.
A3: Деталі плати
A4: Магазин | B4: Позиції на платі | C4: Що замовити | D4: Кількість | E4: Од. | F4: Ціна з ПДВ, грн/од. | G4: Сума, грн | H4: Статус | I4: Посилання | J4: Примітка | K4: ключ | L4: рядок
A5: =IF($L5="","",INDEX(Плата!$O:$O,$L5)&"") -> IMRAD | B5: =IF($L5="","",INDEX(Плата!$B:$B,$L5)&"") -> C101 | C5: =IF($L5="","",INDEX(Плата!$P:$P,$L5)&"") -> Panasonic EEEFK2A220P (точний MPN) | D5: =IF($L5="","",INDEX(Плата!$L:$L,$L5)) -> 10 | E5: =IF($L5="","",INDEX(Плата!$G:$G,$L5)&"") -> шт | F5: =IF($L5="","",INDEX(Плата!$R:$R,$L5)) -> 14.82 | G5: =IF($L5="","",INDEX(Плата!$S:$S,$L5)) -> 148.2 | H5: =IF($L5="","",INDEX(Плата!$Q:$Q,$L5)&"") -> в наявності | I5: =IF($L5="","",IF(INDEX(Плата!$AI:$AI,$L5)="","",HYPERLINK(INDEX(Плата!$AI:$AI,$L5),"відкрити"))) -> відкрити | J5: =IF($L5="","",INDEX(Плата!$U:$U,$L5)&"") -> IMRAD: «Є в наявності, на складі» (кількість не показано); ціна від 6 шт (1 шт: 16.13, від 15: 13.69, від 70: 12.38) | K5: =IFERROR(SMALL(Плата!$AJ$6:$AJ$44,1),"") -> 1006 | L5: =IF(K5="","",MOD(K5,1000)) -> 6
A6: =IF($L6="","",INDEX(Плата!$O:$O,$L6)&"") -> IMRAD | B6: =IF($L6="","",INDEX(Плата!$B:$B,$L6)&"") -> C102 | C6: =IF($L6="","",INDEX(Плата!$P:$P,$L6)&"") -> Murata GRM32EC72A106KE05L (точний MPN) | D6: =IF($L6="","",INDEX(Плата!$L:$L,$L6)) -> 10 | E6: =IF($L6="","",INDEX(Плата!$G:$G,$L6)&"") -> шт | F6: =IF($L6="","",INDEX(Плата!$R:$R,$L6)) -> 32.06 | G6: =IF($L6="","",INDEX(Плата!$S:$S,$L6)) -> 320.6 | H6: =IF($L6="","",INDEX(Плата!$Q:$Q,$L6)&"") -> в наявності | I6: =IF($L6="","",IF(INDEX(Плата!$AI:$AI,$L6)="","",HYPERLINK(INDEX(Плата!$AI:$AI,$L6),"відкрити"))) -> відкрити | J6: =IF($L6="","",INDEX(Плата!$U:$U,$L6)&"") -> IMRAD: «Є в наявності, на складі» (кількість не показано); ціна від 5 шт (1 шт: 36.53) | K6: =IFERROR(SMALL(Плата!$AJ$6:$AJ$44,2),"") -> 1007 | L6: =IF(K6="","",MOD(K6,1000)) -> 7
A7: =IF($L7="","",INDEX(Плата!$O:$O,$L7)&"") -> IMRAD | B7: =IF($L7="","",INDEX(Плата!$B:$B,$L7)&"") -> C103 | C7: =IF($L7="","",INDEX(Плата!$P:$P,$L7)&"") -> Samsung CL10B104KC8NNNC (100 нФ X7R 100 В 0603, точний MPN) | D7: =IF($L7="","",INDEX(Плата!$L:$L,$L7)) -> 100 | E7: =IF($L7="","",INDEX(Плата!$G:$G,$L7)&"") -> шт | F7: =IF($L7="","",INDEX(Плата!$R:$R,$L7)) -> 0.94 | G7: =IF($L7="","",INDEX(Плата!$S:$S,$L7)) -> 94 | H7: =IF($L7="","",INDEX(Плата!$Q:$Q,$L7)&"") -> в наявності | I7: =IF($L7="","",IF(INDEX(Плата!$AI:$AI,$L7)="","",HYPERLINK(INDEX(Плата!$AI:$AI,$L7),"відкрити"))) -> відкрити | J7: =IF($L7="","",INDEX(Плата!$U:$U,$L7)&"") -> IMRAD: «Є в наявності, на складі» (кількість не показано); ціна від 100 шт (1 шт: 1.65, від 10: 1.02) | K7: =IFERROR(SMALL(Плата!$AJ$6:$AJ$44,3),"") -> 1008 | L7: =IF(K7="","",MOD(K7,1000)) -> 8
A8: =IF($L8="","",INDEX(Плата!$O:$O,$L8)&"") -> IMRAD | B8: =IF($L8="","",INDEX(Плата!$B:$B,$L8)&"") -> C104, C202-C205, C301, C302, C402 | C8: =IF($L8="","",INDEX(Плата!$P:$P,$L8)&"") -> Samsung CL10B104KB8NNNC (100 нФ X7R 50 В 0603, точний MPN) | D8: =IF($L8="","",INDEX(Плата!$L:$L,$L8)) -> 100 | E8: =IF($L8="","",INDEX(Плата!$G:$G,$L8)&"") -> шт | F8: =IF($L8="","",INDEX(Плата!$R:$R,$L8)) -> 0.67 | G8: =IF($L8="","",INDEX(Плата!$S:$S,$L8)) -> 67 | H8: =IF($L8="","",INDEX(Плата!$Q:$Q,$L8)&"") -> в наявності | I8: =IF($L8="","",IF(INDEX(Плата!$AI:$AI,$L8)="","",HYPERLINK(INDEX(Плата!$AI:$AI,$L8),"відкрити"))) -> відкрити | J8: =IF($L8="","",INDEX(Плата!$U:$U,$L8)&"") -> IMRAD: «Є в наявності, на складі» (кількість не показано); ціна від 100 шт (1 шт: 1.65, від 10: 0.72, від 500: 0.63) | K8: =IFERROR(SMALL(Плата!$AJ$6:$AJ$44,4),"") -> 1009 | L8: =IF(K8="","",MOD(K8,1000)) -> 9
A9: =IF($L9="","",INDEX(Плата!$O:$O,$L9)&"") -> IMRAD | B9: =IF($L9="","",INDEX(Плата!$B:$B,$L9)&"") -> C105-C107, C201 | C9: =IF($L9="","",INDEX(Плата!$P:$P,$L9)&"") -> Murata GRM21BR61E226ME44L (точний MPN) | D9: =IF($L9="","",INDEX(Плата!$L:$L,$L9)) -> 50 | E9: =IF($L9="","",INDEX(Плата!$G:$G,$L9)&"") -> шт | F9: =IF($L9="","",INDEX(Плата!$R:$R,$L9)) -> 12.04 | G9: =IF($L9="","",INDEX(Плата!$S:$S,$L9)) -> 602 | H9: =IF($L9="","",INDEX(Плата!$Q:$Q,$L9)&"") -> в наявності | I9: =IF($L9="","",IF(INDEX(Плата!$AI:$AI,$L9)="","",HYPERLINK(INDEX(Плата!$AI:$AI,$L9),"відкрити"))) -> відкрити | J9: =IF($L9="","",INDEX(Плата!$U:$U,$L9)&"") -> IMRAD: «Є в наявності, на складі» (кількість не показано); ціна від 10 шт (1 шт: 13.42, від 100: 11.21). «Купити щонайменше» 50 задано, коли ціна була 2.96 грн: потреба 5 плат = 24 шт | K9: =IFERROR(SMALL(Плата!$AJ$6:$AJ$44,5),"") -> 1010 | L9: =IF(K9="","",MOD(K9,1000)) -> 10
A10: =IF($L10="","",INDEX(Плата!$O:$O,$L10)&"") -> IMRAD | B10: =IF($L10="","",INDEX(Плата!$B:$B,$L10)&"") -> C401 | C10: =IF($L10="","",INDEX(Плата!$P:$P,$L10)&"") -> Samsung CL21A106KAYNNNE (точний MPN) | D10: =IF($L10="","",INDEX(Плата!$L:$L,$L10)) -> 20 | E10: =IF($L10="","",INDEX(Плата!$G:$G,$L10)&"") -> шт | F10: =IF($L10="","",INDEX(Плата!$R:$R,$L10)) -> 3.41 | G10: =IF($L10="","",INDEX(Плата!$S:$S,$L10)) -> 68.2 | H10: =IF($L10="","",INDEX(Плата!$Q:$Q,$L10)&"") -> в наявності | I10: =IF($L10="","",IF(INDEX(Плата!$AI:$AI,$L10)="","",HYPERLINK(INDEX(Плата!$AI:$AI,$L10),"відкрити"))) -> відкрити | J10: =IF($L10="","",INDEX(Плата!$U:$U,$L10)&"") -> IMRAD: «Є в наявності, на складі» (кількість не показано); ціна від 10 шт (1 шт: 3.80, від 100: 3.18) | K10: =IFERROR(SMALL(Плата!$AJ$6:$AJ$44,6),"") -> 1011 | L10: =IF(K10="","",MOD(K10,1000)) -> 11
A11: =IF($L11="","",INDEX(Плата!$O:$O,$L11)&"") -> IMRAD | B11: =IF($L11="","",INDEX(Плата!$B:$B,$L11)&"") -> D101 | C11: =IF($L11="","",INDEX(Плата!$P:$P,$L11)&"") -> Diodes B1100-13-F (100 В, 1 А, SMA, точний MPN) | D11: =IF($L11="","",INDEX(Плата!$L:$L,$L11)) -> 10 | E11: =IF($L11="","",INDEX(Плата!$G:$G,$L11)&"") -> шт | F11: =IF($L11="","",INDEX(Плата!$R:$R,$L11)) -> 5.55 | G11: =IF($L11="","",INDEX(Плата!$S:$S,$L11)) -> 55.5 | H11: =IF($L11="","",INDEX(Плата!$Q:$Q,$L11)&"") -> в наявності | I11: =IF($L11="","",IF(INDEX(Плата!$AI:$AI,$L11)="","",HYPERLINK(INDEX(Плата!$AI:$AI,$L11),"відкрити"))) -> відкрити | J11: =IF($L11="","",INDEX(Плата!$U:$U,$L11)&"") -> IMRAD: «Є в наявності, на складі» (кількість не показано); ціна від 10 шт (1 шт: 6.07, від 50: 5.21) | K11: =IFERROR(SMALL(Плата!$AJ$6:$AJ$44,7),"") -> 1012 | L11: =IF(K11="","",MOD(K11,1000)) -> 12
A12: =IF($L12="","",INDEX(Плата!$O:$O,$L12)&"") -> IMRAD | B12: =IF($L12="","",INDEX(Плата!$B:$B,$L12)&"") -> D102 | C12: =IF($L12="","",INDEX(Плата!$P:$P,$L12)&"") -> ST SMAJ33A-TR (однонаправлений, 33 В, 400 Вт, SMA, точний MPN) | D12: =IF($L12="","",INDEX(Плата!$L:$L,$L12)) -> 10 | E12: =IF($L12="","",INDEX(Плата!$G:$G,$L12)&"") -> шт | F12: =IF($L12="","",INDEX(Плата!$R:$R,$L12)) -> 6.26 | G12: =IF($L12="","",INDEX(Плата!$S:$S,$L12)) -> 62.6 | H12: =IF($L12="","",INDEX(Плата!$Q:$Q,$L12)&"") -> в наявності | I12: =IF($L12="","",IF(INDEX(Плата!$AI:$AI,$L12)="","",HYPERLINK(INDEX(Плата!$AI:$AI,$L12),"відкрити"))) -> відкрити | J12: =IF($L12="","",INDEX(Плата!$U:$U,$L12)&"") -> IMRAD: «Є в наявності, на складі» (кількість не показано); ціна від 10 шт (1 шт: 6.85, від 50: 5.87) | K12: =IFERROR(SMALL(Плата!$AJ$6:$AJ$44,8),"") -> 1013 | L12: =IF(K12="","",MOD(K12,1000)) -> 13
A13: =IF($L13="","",INDEX(Плата!$O:$O,$L13)&"") -> IMRAD | B13: =IF($L13="","",INDEX(Плата!$B:$B,$L13)&"") -> D501 | C13: =IF($L13="","",INDEX(Плата!$P:$P,$L13)&"") -> Lite-On LTST-C191KGKT (жовто-зелений 571 нм, точний MPN) | D13: =IF($L13="","",INDEX(Плата!$L:$L,$L13)) -> 20 | E13: =IF($L13="","",INDEX(Плата!$G:$G,$L13)&"") -> шт | F13: =IF($L13="","",INDEX(Плата!$R:$R,$L13)) -> 1.74 | G13: =IF($L13="","",INDEX(Плата!$S:$S,$L13)) -> 34.8 | H13: =IF($L13="","",INDEX(Плата!$Q:$Q,$L13)&"") -> в наявності | I13: =IF($L13="","",IF(INDEX(Плата!$AI:$AI,$L13)="","",HYPERLINK(INDEX(Плата!$AI:$AI,$L13),"відкрити"))) -> відкрити | J13: =IF($L13="","",INDEX(Плата!$U:$U,$L13)&"") -> IMRAD: «Є в наявності, на складі» (кількість не показано); ціна від 10 шт (1 шт: 1.84, від 50: 1.56) | K13: =IFERROR(SMALL(Плата!$AJ$6:$AJ$44,9),"") -> 1014 | L13: =IF(K13="","",MOD(K13,1000)) -> 14
A14: =IF($L14="","",INDEX(Плата!$O:$O,$L14)&"") -> IMRAD | B14: =IF($L14="","",INDEX(Плата!$B:$B,$L14)&"") -> D502 | C14: =IF($L14="","",INDEX(Плата!$P:$P,$L14)&"") -> Kingbright KP-1608SURCK (червоний 630 нм, точний MPN) | D14: =IF($L14="","",INDEX(Плата!$L:$L,$L14)) -> 20 | E14: =IF($L14="","",INDEX(Плата!$G:$G,$L14)&"") -> шт | F14: =IF($L14="","",INDEX(Плата!$R:$R,$L14)) -> 4.69 | G14: =IF($L14="","",INDEX(Плата!$S:$S,$L14)) -> 93.8 | H14: =IF($L14="","",INDEX(Плата!$Q:$Q,$L14)&"") -> в наявності | I14: =IF($L14="","",IF(INDEX(Плата!$AI:$AI,$L14)="","",HYPERLINK(INDEX(Плата!$AI:$AI,$L14),"відкрити"))) -> відкрити | J14: =IF($L14="","",INDEX(Плата!$U:$U,$L14)&"") -> IMRAD: «Є в наявності, на складі» (кількість не показано); ціна від 10 шт (1 шт: 4.96, від 50: 4.21) | K14: =IFERROR(SMALL(Плата!$AJ$6:$AJ$44,10),"") -> 1015 | L14: =IF(K14="","",MOD(K14,1000)) -> 15
A15: =IF($L15="","",INDEX(Плата!$O:$O,$L15)&"") -> IMRAD | B15: =IF($L15="","",INDEX(Плата!$B:$B,$L15)&"") -> F101 | C15: =IF($L15="","",INDEX(Плата!$P:$P,$L15)&"") -> Littelfuse 0451002.MRL (NANO2, 2 А 125 В, точний MPN) | D15: =IF($L15="","",INDEX(Плата!$L:$L,$L15)) -> 10 | E15: =IF($L15="","",INDEX(Плата!$G:$G,$L15)&"") -> шт | F15: =IF($L15="","",INDEX(Плата!$R:$R,$L15)) -> 49.95 | G15: =IF($L15="","",INDEX(Плата!$S:$S,$L15)) -> 499.5 | H15: =IF($L15="","",INDEX(Плата!$Q:$Q,$L15)&"") -> в наявності | I15: =IF($L15="","",IF(INDEX(Плата!$AI:$AI,$L15)="","",HYPERLINK(INDEX(Плата!$AI:$AI,$L15),"відкрити"))) -> відкрити | J15: =IF($L15="","",INDEX(Плата!$U:$U,$L15)&"") -> IMRAD: «Є в наявності, на складі» (кількість не показано); ціна від 8 шт (1 шт: 57.93, від 4: 55.03, від 24: 45.86) | K15: =IFERROR(SMALL(Плата!$AJ$6:$AJ$44,11),"") -> 1016 | L15: =IF(K15="","",MOD(K15,1000)) -> 16
A16: =IF($L16="","",INDEX(Плата!$O:$O,$L16)&"") -> IMRAD | B16: =IF($L16="","",INDEX(Плата!$B:$B,$L16)&"") -> J201 | C16: =IF($L16="","",INDEX(Плата!$P:$P,$L16)&"") -> GCT USB4105-GF-A (точний MPN) | D16: =IF($L16="","",INDEX(Плата!$L:$L,$L16)) -> 10 | E16: =IF($L16="","",INDEX(Плата!$G:$G,$L16)&"") -> шт | F16: =IF($L16="","",INDEX(Плата!$R:$R,$L16)) -> 34.96 | G16: =IF($L16="","",INDEX(Плата!$S:$S,$L16)) -> 349.6 | H16: =IF($L16="","",INDEX(Плата!$Q:$Q,$L16)&"") -> в наявності | I16: =IF($L16="","",IF(INDEX(Плата!$AI:$AI,$L16)="","",HYPERLINK(INDEX(Плата!$AI:$AI,$L16),"відкрити"))) -> відкрити | J16: =IF($L16="","",INDEX(Плата!$U:$U,$L16)&"") -> IMRAD: «Є в наявності, на складі» (кількість не показано); ціна від 8 шт (1 шт: 37.65, від 4: 36.30, від 20: 33.62) | K16: =IFERROR(SMALL(Плата!$AJ$6:$AJ$44,12),"") -> 1019 | L16: =IF(K16="","",MOD(K16,1000)) -> 19
A17: =IF($L17="","",INDEX(Плата!$O:$O,$L17)&"") -> IMRAD | B17: =IF($L17="","",INDEX(Плата!$B:$B,$L17)&"") -> J503 | C17: =IF($L17="","",INDEX(Плата!$P:$P,$L17)&"") -> JST B3B-XH-A (точний MPN) | D17: =IF($L17="","",INDEX(Плата!$L:$L,$L17)) -> 10 | E17: =IF($L17="","",INDEX(Плата!$G:$G,$L17)&"") -> шт | F17: =IF($L17="","",INDEX(Плата!$R:$R,$L17)) -> 4.35 | G17: =IF($L17="","",INDEX(Плата!$S:$S,$L17)) -> 43.5 | H17: =IF($L17="","",INDEX(Плата!$Q:$Q,$L17)&"") -> в наявності | I17: =IF($L17="","",IF(INDEX(Плата!$AI:$AI,$L17)="","",HYPERLINK(INDEX(Плата!$AI:$AI,$L17),"відкрити"))) -> відкрити | J17: =IF($L17="","",INDEX(Плата!$U:$U,$L17)&"") -> IMRAD: «Є в наявності, на складі» (кількість не показано); ціна від 10 шт (1 шт: 4.82, від 35: 4.20) | K17: =IFERROR(SMALL(Плата!$AJ$6:$AJ$44,13),"") -> 1020 | L17: =IF(K17="","",MOD(K17,1000)) -> 20
A18: =IF($L18="","",INDEX(Плата!$O:$O,$L18)&"") -> IMRAD | B18: =IF($L18="","",INDEX(Плата!$B:$B,$L18)&"") -> J504 | C18: =IF($L18="","",INDEX(Плата!$P:$P,$L18)&"") -> JST B2B-XH-A (LF)(SN) (точний MPN) | D18: =IF($L18="","",INDEX(Плата!$L:$L,$L18)) -> 10 | E18: =IF($L18="","",INDEX(Плата!$G:$G,$L18)&"") -> шт | F18: =IF($L18="","",INDEX(Плата!$R:$R,$L18)) -> 3.2 | G18: =IF($L18="","",INDEX(Плата!$S:$S,$L18)) -> 32 | H18: =IF($L18="","",INDEX(Плата!$Q:$Q,$L18)&"") -> в наявності | I18: =IF($L18="","",IF(INDEX(Плата!$AI:$AI,$L18)="","",HYPERLINK(INDEX(Плата!$AI:$AI,$L18),"відкрити"))) -> відкрити | J18: =IF($L18="","",INDEX(Плата!$U:$U,$L18)&"") -> IMRAD: «Є в наявності, на складі» (кількість не показано); ціна від 10 шт (1 шт: 3.72, від 50: 3.05). НЕ B2B-XH-AM (з бобишкою) | K18: =IFERROR(SMALL(Плата!$AJ$6:$AJ$44,14),"") -> 1021 | L18: =IF(K18="","",MOD(K18,1000)) -> 21
A19: =IF($L19="","",INDEX(Плата!$O:$O,$L19)&"") -> IMRAD | B19: =IF($L19="","",INDEX(Плата!$B:$B,$L19)&"") -> Q501 | C19: =IF($L19="","",INDEX(Плата!$P:$P,$L19)&"") -> Vishay SI2309CDS-T1-GE3 (точний MPN) | D19: =IF($L19="","",INDEX(Плата!$L:$L,$L19)) -> 10 | E19: =IF($L19="","",INDEX(Плата!$G:$G,$L19)&"") -> шт | F19: =IF($L19="","",INDEX(Плата!$R:$R,$L19)) -> 57.12 | G19: =IF($L19="","",INDEX(Плата!$S:$S,$L19)) -> 571.2 | H19: =IF($L19="","",INDEX(Плата!$Q:$Q,$L19)&"") -> в наявності | I19: =IF($L19="","",IF(INDEX(Плата!$AI:$AI,$L19)="","",HYPERLINK(INDEX(Плата!$AI:$AI,$L19),"відкрити"))) -> відкрити | J19: =IF($L19="","",INDEX(Плата!$U:$U,$L19)&"") -> IMRAD: «Є в наявності, на складі» (кількість не показано); одна ціна для будь-якої кількості | K19: =IFERROR(SMALL(Плата!$AJ$6:$AJ$44,15),"") -> 1023 | L19: =IF(K19="","",MOD(K19,1000)) -> 23
A20: =IF($L20="","",INDEX(Плата!$O:$O,$L20)&"") -> IMRAD | B20: =IF($L20="","",INDEX(Плата!$B:$B,$L20)&"") -> Q503 | C20: =IF($L20="","",INDEX(Плата!$P:$P,$L20)&"") -> onsemi MMBT5551LT1G (точний MPN) | D20: =IF($L20="","",INDEX(Плата!$L:$L,$L20)) -> 10 | E20: =IF($L20="","",INDEX(Плата!$G:$G,$L20)&"") -> шт | F20: =IF($L20="","",INDEX(Плата!$R:$R,$L20)) -> 1.62 | G20: =IF($L20="","",INDEX(Плата!$S:$S,$L20)) -> 16.2 | H20: =IF($L20="","",INDEX(Плата!$Q:$Q,$L20)&"") -> в наявності | I20: =IF($L20="","",IF(INDEX(Плата!$AI:$AI,$L20)="","",HYPERLINK(INDEX(Плата!$AI:$AI,$L20),"відкрити"))) -> відкрити | J20: =IF($L20="","",INDEX(Плата!$U:$U,$L20)&"") -> IMRAD: «Є в наявності, на складі» (кількість не показано); ціна від 10 шт (1 шт: 1.72, від 50: 1.54) | K20: =IFERROR(SMALL(Плата!$AJ$6:$AJ$44,16),"") -> 1024 | L20: =IF(K20="","",MOD(K20,1000)) -> 24
A21: =IF($L21="","",INDEX(Плата!$O:$O,$L21)&"") -> IMRAD | B21: =IF($L21="","",INDEX(Плата!$B:$B,$L21)&"") -> R101 | C21: =IF($L21="","",INDEX(Плата!$P:$P,$L21)&"") -> Yageo RC0603FR-0768KL (68 кОм 1 %), упаковка 100 шт | D21: =IF($L21="","",INDEX(Плата!$L:$L,$L21)) -> 100 | E21: =IF($L21="","",INDEX(Плата!$G:$G,$L21)&"") -> шт | F21: =IF($L21="","",INDEX(Плата!$R:$R,$L21)) -> 0.104 | G21: =IF($L21="","",INDEX(Плата!$S:$S,$L21)) -> 10.4 | H21: =IF($L21="","",INDEX(Плата!$Q:$Q,$L21)&"") -> в наявності | I21: =IF($L21="","",IF(INDEX(Плата!$AI:$AI,$L21)="","",HYPERLINK(INDEX(Плата!$AI:$AI,$L21),"відкрити"))) -> відкрити | J21: =IF($L21="","",INDEX(Плата!$U:$U,$L21)&"") -> IMRAD: «Є в наявності, на складі» (кількість не показано); 10.40 грн за 100 шт (від 5 уп.: 8.40, від 10: 7.00); ціна в рядку - за 1 шт | K21: =IFERROR(SMALL(Плата!$AJ$6:$AJ$44,17),"") -> 1025 | L21: =IF(K21="","",MOD(K21,1000)) -> 25
A22: =IF($L22="","",INDEX(Плата!$O:$O,$L22)&"") -> IMRAD | B22: =IF($L22="","",INDEX(Плата!$B:$B,$L22)&"") -> R102 | C22: =IF($L22="","",INDEX(Плата!$P:$P,$L22)&"") -> Royal Ohm 0603SAF5103T5E (510 кОм 1 %), упаковка 100 шт | D22: =IF($L22="","",INDEX(Плата!$L:$L,$L22)) -> 100 | E22: =IF($L22="","",INDEX(Плата!$G:$G,$L22)&"") -> шт | F22: =IF($L22="","",INDEX(Плата!$R:$R,$L22)) -> 0.117 | G22: =IF($L22="","",INDEX(Плата!$S:$S,$L22)) -> 11.7 | H22: =IF($L22="","",INDEX(Плата!$Q:$Q,$L22)&"") -> в наявності | I22: =IF($L22="","",IF(INDEX(Плата!$AI:$AI,$L22)="","",HYPERLINK(INDEX(Плата!$AI:$AI,$L22),"відкрити"))) -> відкрити | J22: =IF($L22="","",INDEX(Плата!$U:$U,$L22)&"") -> IMRAD: «Є в наявності, на складі» (кількість не показано); 11.70 грн за 100 шт (від 5 уп.: 9.45, від 10: 7.88); ціна в рядку - за 1 шт | K22: =IFERROR(SMALL(Плата!$AJ$6:$AJ$44,18),"") -> 1026 | L22: =IF(K22="","",MOD(K22,1000)) -> 26
A23: =IF($L23="","",INDEX(Плата!$O:$O,$L23)&"") -> IMRAD | B23: =IF($L23="","",INDEX(Плата!$B:$B,$L23)&"") -> R103 | C23: =IF($L23="","",INDEX(Плата!$P:$P,$L23)&"") -> Yageo RC0603FR-07220KL (220 кОм 1 %), упаковка 100 шт | D23: =IF($L23="","",INDEX(Плата!$L:$L,$L23)) -> 100 | E23: =IF($L23="","",INDEX(Плата!$G:$G,$L23)&"") -> шт | F23: =IF($L23="","",INDEX(Плата!$R:$R,$L23)) -> 0.262 | G23: =IF($L23="","",INDEX(Плата!$S:$S,$L23)) -> 26.2 | H23: =IF($L23="","",INDEX(Плата!$Q:$Q,$L23)&"") -> в наявності | I23: =IF($L23="","",IF(INDEX(Плата!$AI:$AI,$L23)="","",HYPERLINK(INDEX(Плата!$AI:$AI,$L23),"відкрити"))) -> відкрити | J23: =IF($L23="","",INDEX(Плата!$U:$U,$L23)&"") -> IMRAD: «Є в наявності, на складі» (кількість не показано); 26.20 грн за 100 шт (від 5 уп.: 25.20, від 10: 21.00); ціна в рядку - за 1 шт | K23: =IFERROR(SMALL(Плата!$AJ$6:$AJ$44,19),"") -> 1027 | L23: =IF(K23="","",MOD(K23,1000)) -> 27
A24: =IF($L24="","",INDEX(Плата!$O:$O,$L24)&"") -> IMRAD | B24: =IF($L24="","",INDEX(Плата!$B:$B,$L24)&"") -> R201, R202, R401, R501, R507 | C24: =IF($L24="","",INDEX(Плата!$P:$P,$L24)&"") -> Royal Ohm 0603SAF1002T5E (10 кОм 1 %), упаковка 100 шт | D24: =IF($L24="","",INDEX(Плата!$L:$L,$L24)) -> 100 | E24: =IF($L24="","",INDEX(Плата!$G:$G,$L24)&"") -> шт | F24: =IF($L24="","",INDEX(Плата!$R:$R,$L24)) -> 0.1404 | G24: =IF($L24="","",INDEX(Плата!$S:$S,$L24)) -> 14.04 | H24: =IF($L24="","",INDEX(Плата!$Q:$Q,$L24)&"") -> в наявності | I24: =IF($L24="","",IF(INDEX(Плата!$AI:$AI,$L24)="","",HYPERLINK(INDEX(Плата!$AI:$AI,$L24),"відкрити"))) -> відкрити | J24: =IF($L24="","",INDEX(Плата!$U:$U,$L24)&"") -> IMRAD: «Є в наявності, на складі» (кількість не показано); 14.04 грн за 100 шт (від 5 уп.: 11.34, від 10: 9.45); ціна в рядку - за 1 шт | K24: =IFERROR(SMALL(Плата!$AJ$6:$AJ$44,20),"") -> 1028 | L24: =IF(K24="","",MOD(K24,1000)) -> 28
A25: =IF($L25="","",INDEX(Плата!$O:$O,$L25)&"") -> IMRAD | B25: =IF($L25="","",INDEX(Плата!$B:$B,$L25)&"") -> R205, R206 | C25: =IF($L25="","",INDEX(Плата!$P:$P,$L25)&"") -> Yageo RC0603FR-075K1L (5.1 кОм 1 %), упаковка 100 шт | D25: =IF($L25="","",INDEX(Плата!$L:$L,$L25)) -> 100 | E25: =IF($L25="","",INDEX(Плата!$G:$G,$L25)&"") -> шт | F25: =IF($L25="","",INDEX(Плата!$R:$R,$L25)) -> 0.182 | G25: =IF($L25="","",INDEX(Плата!$S:$S,$L25)) -> 18.2 | H25: =IF($L25="","",INDEX(Плата!$Q:$Q,$L25)&"") -> в наявності | I25: =IF($L25="","",IF(INDEX(Плата!$AI:$AI,$L25)="","",HYPERLINK(INDEX(Плата!$AI:$AI,$L25),"відкрити"))) -> відкрити | J25: =IF($L25="","",INDEX(Плата!$U:$U,$L25)&"") -> IMRAD: «Є в наявності, на складі» (кількість не показано); 18.20 грн за 100 шт (від 5 уп.: 14.70, від 10: 12.25); ціна в рядку - за 1 шт | K25: =IFERROR(SMALL(Плата!$AJ$6:$AJ$44,21),"") -> 1029 | L25: =IF(K25="","",MOD(K25,1000)) -> 29
A26: =IF($L26="","",INDEX(Плата!$O:$O,$L26)&"") -> IMRAD | B26: =IF($L26="","",INDEX(Плата!$B:$B,$L26)&"") -> R208, R209 | C26: =IF($L26="","",INDEX(Плата!$P:$P,$L26)&"") -> Yageo RC0603FR-0722RL (22 Ом 1 %), упаковка 100 шт | D26: =IF($L26="","",INDEX(Плата!$L:$L,$L26)) -> 100 | E26: =IF($L26="","",INDEX(Плата!$G:$G,$L26)&"") -> шт | F26: =IF($L26="","",INDEX(Плата!$R:$R,$L26)) -> 0.208 | G26: =IF($L26="","",INDEX(Плата!$S:$S,$L26)) -> 20.8 | H26: =IF($L26="","",INDEX(Плата!$Q:$Q,$L26)&"") -> в наявності | I26: =IF($L26="","",IF(INDEX(Плата!$AI:$AI,$L26)="","",HYPERLINK(INDEX(Плата!$AI:$AI,$L26),"відкрити"))) -> відкрити | J26: =IF($L26="","",INDEX(Плата!$U:$U,$L26)&"") -> IMRAD: «Є в наявності, на складі» (кількість не показано); 20.80 грн за 100 шт (від 5 уп.: 16.80, від 10: 14.00); ціна в рядку - за 1 шт | K26: =IFERROR(SMALL(Плата!$AJ$6:$AJ$44,22),"") -> 1030 | L26: =IF(K26="","",MOD(K26,1000)) -> 30
A27: =IF($L27="","",INDEX(Плата!$O:$O,$L27)&"") -> IMRAD | B27: =IF($L27="","",INDEX(Плата!$B:$B,$L27)&"") -> R304 | C27: =IF($L27="","",INDEX(Плата!$P:$P,$L27)&"") -> Panasonic ERA-6AEB224V (220 кОм 0.1 % 25 ppm/K 0805, точний MPN) | D27: =IF($L27="","",INDEX(Плата!$L:$L,$L27)) -> 20 | E27: =IF($L27="","",INDEX(Плата!$G:$G,$L27)&"") -> шт | F27: =IF($L27="","",INDEX(Плата!$R:$R,$L27)) -> 5.12 | G27: =IF($L27="","",INDEX(Плата!$S:$S,$L27)) -> 102.4 | H27: =IF($L27="","",INDEX(Плата!$Q:$Q,$L27)&"") -> в наявності | I27: =IF($L27="","",IF(INDEX(Плата!$AI:$AI,$L27)="","",HYPERLINK(INDEX(Плата!$AI:$AI,$L27),"відкрити"))) -> відкрити | J27: =IF($L27="","",INDEX(Плата!$U:$U,$L27)&"") -> IMRAD: «Є в наявності, на складі» (кількість не показано); ціна від 10 шт (1 шт: 5.86) | K27: =IFERROR(SMALL(Плата!$AJ$6:$AJ$44,23),"") -> 1031 | L27: =IF(K27="","",MOD(K27,1000)) -> 31
A28: =IF($L28="","",INDEX(Плата!$O:$O,$L28)&"") -> IMRAD | B28: =IF($L28="","",INDEX(Плата!$B:$B,$L28)&"") -> R307, R502, R503, R510 | C28: =IF($L28="","",INDEX(Плата!$P:$P,$L28)&"") -> Yageo RC0603FR-071KL (1 кОм 1 %), упаковка 100 шт | D28: =IF($L28="","",INDEX(Плата!$L:$L,$L28)) -> 100 | E28: =IF($L28="","",INDEX(Плата!$G:$G,$L28)&"") -> шт | F28: =IF($L28="","",INDEX(Плата!$R:$R,$L28)) -> 0.1375 | G28: =IF($L28="","",INDEX(Плата!$S:$S,$L28)) -> 13.75 | H28: =IF($L28="","",INDEX(Плата!$Q:$Q,$L28)&"") -> в наявності | I28: =IF($L28="","",IF(INDEX(Плата!$AI:$AI,$L28)="","",HYPERLINK(INDEX(Плата!$AI:$AI,$L28),"відкрити"))) -> відкрити | J28: =IF($L28="","",INDEX(Плата!$U:$U,$L28)&"") -> IMRAD: «Є в наявності, на складі» (кількість не показано); 13.75 грн за 100 шт (від 5 уп.: 11.34, від 10: 9.45); ціна в рядку - за 1 шт | K28: =IFERROR(SMALL(Плата!$AJ$6:$AJ$44,24),"") -> 1033 | L28: =IF(K28="","",MOD(K28,1000)) -> 33
A29: =IF($L29="","",INDEX(Плата!$O:$O,$L29)&"") -> IMRAD | B29: =IF($L29="","",INDEX(Плата!$B:$B,$L29)&"") -> R504, R505 | C29: =IF($L29="","",INDEX(Плата!$P:$P,$L29)&"") -> Royal Ohm 0603SAF4701T5E (4.7 кОм 1 %; на сайті SMD0603-4K7-1%), упаковка 100 шт | D29: =IF($L29="","",INDEX(Плата!$L:$L,$L29)) -> 100 | E29: =IF($L29="","",INDEX(Плата!$G:$G,$L29)&"") -> шт | F29: =IF($L29="","",INDEX(Плата!$R:$R,$L29)) -> 0.1517 | G29: =IF($L29="","",INDEX(Плата!$S:$S,$L29)) -> 15.17 | H29: =IF($L29="","",INDEX(Плата!$Q:$Q,$L29)&"") -> в наявності | I29: =IF($L29="","",IF(INDEX(Плата!$AI:$AI,$L29)="","",HYPERLINK(INDEX(Плата!$AI:$AI,$L29),"відкрити"))) -> відкрити | J29: =IF($L29="","",INDEX(Плата!$U:$U,$L29)&"") -> IMRAD: «Є в наявності, на складі» (кількість не показано); 15.17 грн за 100 шт (від 5 уп.: 14.30, від 10: 13.50); ціна в рядку - за 1 шт | K29: =IFERROR(SMALL(Плата!$AJ$6:$AJ$44,25),"") -> 1034 | L29: =IF(K29="","",MOD(K29,1000)) -> 34
A30: =IF($L30="","",INDEX(Плата!$O:$O,$L30)&"") -> IMRAD | B30: =IF($L30="","",INDEX(Плата!$B:$B,$L30)&"") -> R506, R508, R509 | C30: =IF($L30="","",INDEX(Плата!$P:$P,$L30)&"") -> Yageo AC0603FR-07100KL (100 кОм 1 %), упаковка 100 шт | D30: =IF($L30="","",INDEX(Плата!$L:$L,$L30)) -> 100 | E30: =IF($L30="","",INDEX(Плата!$G:$G,$L30)&"") -> шт | F30: =IF($L30="","",INDEX(Плата!$R:$R,$L30)) -> 0.1808 | G30: =IF($L30="","",INDEX(Плата!$S:$S,$L30)) -> 18.08 | H30: =IF($L30="","",INDEX(Плата!$Q:$Q,$L30)&"") -> в наявності | I30: =IF($L30="","",IF(INDEX(Плата!$AI:$AI,$L30)="","",HYPERLINK(INDEX(Плата!$AI:$AI,$L30),"відкрити"))) -> відкрити | J30: =IF($L30="","",INDEX(Плата!$U:$U,$L30)&"") -> IMRAD: «Є в наявності, на складі» (кількість не показано); 18.08 грн за 100 шт (від 5 уп.: 17.68, від 10: 16.90); ціна в рядку - за 1 шт | K30: =IFERROR(SMALL(Плата!$AJ$6:$AJ$44,26),"") -> 1035 | L30: =IF(K30="","",MOD(K30,1000)) -> 35
A31: =IF($L31="","",INDEX(Плата!$O:$O,$L31)&"") -> IMRAD | B31: =IF($L31="","",INDEX(Плата!$B:$B,$L31)&"") -> R511 | C31: =IF($L31="","",INDEX(Плата!$P:$P,$L31)&"") -> Yageo RC2512JK-074R7L (4.7 Ом 5 % 2512 1 Вт, точний MPN) | D31: =IF($L31="","",INDEX(Плата!$L:$L,$L31)) -> 10 | E31: =IF($L31="","",INDEX(Плата!$G:$G,$L31)&"") -> шт | F31: =IF($L31="","",INDEX(Плата!$R:$R,$L31)) -> 1.34 | G31: =IF($L31="","",INDEX(Плата!$S:$S,$L31)) -> 13.4 | H31: =IF($L31="","",INDEX(Плата!$Q:$Q,$L31)&"") -> в наявності | I31: =IF($L31="","",IF(INDEX(Плата!$AI:$AI,$L31)="","",HYPERLINK(INDEX(Плата!$AI:$AI,$L31),"відкрити"))) -> відкрити | J31: =IF($L31="","",INDEX(Плата!$U:$U,$L31)&"") -> IMRAD: «Є в наявності, на складі» (кількість не показано); ціна від 10 шт (1 шт: 1.58, від 100: 1.04) | K31: =IFERROR(SMALL(Плата!$AJ$6:$AJ$44,27),"") -> 1036 | L31: =IF(K31="","",MOD(K31,1000)) -> 36
A32: =IF($L32="","",INDEX(Плата!$O:$O,$L32)&"") -> IMRAD | B32: =IF($L32="","",INDEX(Плата!$B:$B,$L32)&"") -> R512 | C32: =IF($L32="","",INDEX(Плата!$P:$P,$L32)&"") -> Royal Ohm 1206S4F1002T5E (10 кОм 1 % 1206), упаковка 100 шт | D32: =IF($L32="","",INDEX(Плата!$L:$L,$L32)) -> 100 | E32: =IF($L32="","",INDEX(Плата!$G:$G,$L32)&"") -> шт | F32: =IF($L32="","",INDEX(Плата!$R:$R,$L32)) -> 0.2808 | G32: =IF($L32="","",INDEX(Плата!$S:$S,$L32)) -> 28.08 | H32: =IF($L32="","",INDEX(Плата!$Q:$Q,$L32)&"") -> в наявності | I32: =IF($L32="","",IF(INDEX(Плата!$AI:$AI,$L32)="","",HYPERLINK(INDEX(Плата!$AI:$AI,$L32),"відкрити"))) -> відкрити | J32: =IF($L32="","",INDEX(Плата!$U:$U,$L32)&"") -> IMRAD: «Є в наявності, на складі» (кількість не показано); 28.08 грн за 100 шт (від 5 уп.: 22.68, від 10: 18.90); ціна в рядку - за 1 шт | K32: =IFERROR(SMALL(Плата!$AJ$6:$AJ$44,28),"") -> 1037 | L32: =IF(K32="","",MOD(K32,1000)) -> 37
A33: =IF($L33="","",INDEX(Плата!$O:$O,$L33)&"") -> IMRAD | B33: =IF($L33="","",INDEX(Плата!$B:$B,$L33)&"") -> U203 | C33: =IF($L33="","",INDEX(Плата!$P:$P,$L33)&"") -> ST USBLC6-2SC6 (точний MPN) | D33: =IF($L33="","",INDEX(Плата!$L:$L,$L33)) -> 10 | E33: =IF($L33="","",INDEX(Плата!$G:$G,$L33)&"") -> шт | F33: =IF($L33="","",INDEX(Плата!$R:$R,$L33)) -> 10.84 | G33: =IF($L33="","",INDEX(Плата!$S:$S,$L33)) -> 108.4 | H33: =IF($L33="","",INDEX(Плата!$Q:$Q,$L33)&"") -> в наявності | I33: =IF($L33="","",IF(INDEX(Плата!$AI:$AI,$L33)="","",HYPERLINK(INDEX(Плата!$AI:$AI,$L33),"відкрити"))) -> відкрити | J33: =IF($L33="","",INDEX(Плата!$U:$U,$L33)&"") -> IMRAD: «Є в наявності, на складі» (кількість не показано); ціна від 10 шт (1 шт: 11.50, від 35: 10.38) | K33: =IFERROR(SMALL(Плата!$AJ$6:$AJ$44,29),"") -> 1042 | L33: =IF(K33="","",MOD(K33,1000)) -> 42
A34: =IF($L34="","",INDEX(Плата!$O:$O,$L34)&"") -> VD MAIS | B34: =IF($L34="","",INDEX(Плата!$B:$B,$L34)&"") -> F501 | C34: =IF($L34="","",INDEX(Плата!$P:$P,$L34)&"") -> Littelfuse 0466.250NRHF (точний MPN), Digi-Key через VD MAIS | D34: =IF($L34="","",INDEX(Плата!$L:$L,$L34)) -> 10 | E34: =IF($L34="","",INDEX(Плата!$G:$G,$L34)&"") -> шт | F34: =IF($L34="","",INDEX(Плата!$R:$R,$L34)) -> 71.436 | G34: =IF($L34="","",INDEX(Плата!$S:$S,$L34)) -> 714.36 | H34: =IF($L34="","",INDEX(Плата!$Q:$Q,$L34)&"") -> під замовлення | I34: =IF($L34="","",IF(INDEX(Плата!$AI:$AI,$L34)="","",HYPERLINK(INDEX(Плата!$AI:$AI,$L34),"відкрити"))) -> відкрити | J34: =IF($L34="","",INDEX(Плата!$U:$U,$L34)&"") -> Digi-Key F5692CT-ND: 5812 шт, 3 тижні; ціна від 5 шт 59.53 грн без ПДВ (1 шт: 59.66), дані API VD MAIS; в IMRAD немає (0466.250NR - немає, 0451.250MRL - під замовлення). Замовляти разом з U101 | K34: =IFERROR(SMALL(Плата!$AJ$6:$AJ$44,30),"") -> 2017 | L34: =IF(K34="","",MOD(K34,1000)) -> 17
A35: =IF($L35="","",INDEX(Плата!$O:$O,$L35)&"") -> VD MAIS | B35: =IF($L35="","",INDEX(Плата!$B:$B,$L35)&"") -> L101 | C35: =IF($L35="","",INDEX(Плата!$P:$P,$L35)&"") -> Bourns SRN6045-220M (точний MPN) | D35: =IF($L35="","",INDEX(Плата!$L:$L,$L35)) -> 10 | E35: =IF($L35="","",INDEX(Плата!$G:$G,$L35)&"") -> шт | F35: =IF($L35="","",INDEX(Плата!$R:$R,$L35)) -> 12.27 | G35: =IF($L35="","",INDEX(Плата!$S:$S,$L35)) -> 122.7 | H35: =IF($L35="","",INDEX(Плата!$Q:$Q,$L35)&"") -> в наявності | I35: =IF($L35="","",IF(INDEX(Плата!$AI:$AI,$L35)="","",HYPERLINK(INDEX(Плата!$AI:$AI,$L35),"відкрити"))) -> відкрити | J35: =IF($L35="","",INDEX(Плата!$U:$U,$L35)&"") -> власний склад VD MAIS: 370 шт, строк 0 тижнів; в IMRAD 22 мкГн з Isat >= 1.6 А немає | K35: =IFERROR(SMALL(Плата!$AJ$6:$AJ$44,31),"") -> 2022 | L35: =IF(K35="","",MOD(K35,1000)) -> 22
A36: =IF($L36="","",INDEX(Плата!$O:$O,$L36)&"") -> VD MAIS | B36: =IF($L36="","",INDEX(Плата!$B:$B,$L36)&"") -> R305 | C36: =IF($L36="","",INDEX(Плата!$P:$P,$L36)&"") -> Yageo RT0603BRD0710KL (точний MPN) | D36: =IF($L36="","",INDEX(Плата!$L:$L,$L36)) -> 10 | E36: =IF($L36="","",INDEX(Плата!$G:$G,$L36)&"") -> шт | F36: =IF($L36="","",INDEX(Плата!$R:$R,$L36)) -> 2.07 | G36: =IF($L36="","",INDEX(Плата!$S:$S,$L36)) -> 20.7 | H36: =IF($L36="","",INDEX(Плата!$Q:$Q,$L36)&"") -> в наявності | I36: =IF($L36="","",IF(INDEX(Плата!$AI:$AI,$L36)="","",HYPERLINK(INDEX(Плата!$AI:$AI,$L36),"відкрити"))) -> відкрити | J36: =IF($L36="","",INDEX(Плата!$U:$U,$L36)&"") -> власний склад VD MAIS: 50 шт, строк 0 тижнів; ціна від 10 шт. В IMRAD лише 10.2 кОм 0.1 % (змінило б коефіцієнт дільника) | K36: =IFERROR(SMALL(Плата!$AJ$6:$AJ$44,32),"") -> 2032 | L36: =IF(K36="","",MOD(K36,1000)) -> 32
A37: =IF($L37="","",INDEX(Плата!$O:$O,$L37)&"") -> VD MAIS | B37: =IF($L37="","",INDEX(Плата!$B:$B,$L37)&"") -> U101 | C37: =IF($L37="","",INDEX(Плата!$P:$P,$L37)&"") -> TI LMR38010SQDDARQ1 (Q1-версія LMR38010SDDAR), Digi-Key через VD MAIS | D37: =IF($L37="","",INDEX(Плата!$L:$L,$L37)) -> 6 | E37: =IF($L37="","",INDEX(Плата!$G:$G,$L37)&"") -> шт | F37: =IF($L37="","",INDEX(Плата!$R:$R,$L37)) -> 302.184 | G37: =IF($L37="","",INDEX(Плата!$S:$S,$L37)) -> 1813.104 | H37: =IF($L37="","",INDEX(Плата!$Q:$Q,$L37)&"") -> під замовлення | I37: =IF($L37="","",IF(INDEX(Плата!$AI:$AI,$L37)="","",HYPERLINK(INDEX(Плата!$AI:$AI,$L37),"відкрити"))) -> відкрити | J37: =IF($L37="","",INDEX(Плата!$U:$U,$L37)&"") -> Digi-Key 296-LMR38010SQDDARQ1CT-ND: 2220 шт, 3 тижні; 251.82 грн без ПДВ (від 10: 225.26), дані API VD MAIS. В IMRAD немає. Замовляти зараз разом з F501 і U301 | K37: =IFERROR(SMALL(Плата!$AJ$6:$AJ$44,33),"") -> 2039 | L37: =IF(K37="","",MOD(K37,1000)) -> 39
A38: =IF($L38="","",INDEX(Плата!$O:$O,$L38)&"") -> VD MAIS | B38: =IF($L38="","",INDEX(Плата!$B:$B,$L38)&"") -> U202 | C38: =IF($L38="","",INDEX(Плата!$P:$P,$L38)&"") -> TI TPS3808G33DBVR (точний MPN) | D38: =IF($L38="","",INDEX(Плата!$L:$L,$L38)) -> 6 | E38: =IF($L38="","",INDEX(Плата!$G:$G,$L38)&"") -> шт | F38: =IF($L38="","",INDEX(Плата!$R:$R,$L38)) -> 84.42 | G38: =IF($L38="","",INDEX(Плата!$S:$S,$L38)) -> 506.52 | H38: =IF($L38="","",INDEX(Плата!$Q:$Q,$L38)&"") -> в наявності | I38: =IF($L38="","",IF(INDEX(Плата!$AI:$AI,$L38)="","",HYPERLINK(INDEX(Плата!$AI:$AI,$L38),"відкрити"))) -> відкрити | J38: =IF($L38="","",INDEX(Плата!$U:$U,$L38)&"") -> власний склад VD MAIS: 227 шт, строк 0 тижнів | K38: =IFERROR(SMALL(Плата!$AJ$6:$AJ$44,34),"") -> 2041 | L38: =IF(K38="","",MOD(K38,1000)) -> 41
A39: =IF($L39="","",INDEX(Плата!$O:$O,$L39)&"") -> VD MAIS | B39: =IF($L39="","",INDEX(Плата!$B:$B,$L39)&"") -> U301 | C39: =IF($L39="","",INDEX(Плата!$P:$P,$L39)&"") -> TI ADS1115IDGSR: 4 шт власний склад VD MAIS + 2 шт Digi-Key через VD MAIS | D39: =IF($L39="","",INDEX(Плата!$L:$L,$L39)) -> 6 | E39: =IF($L39="","",INDEX(Плата!$G:$G,$L39)&"") -> шт | F39: =IF($L39="","",INDEX(Плата!$R:$R,$L39)) -> 282.01 | G39: =IF($L39="","",INDEX(Плата!$S:$S,$L39)) -> 1692.06 | H39: =IF($L39="","",INDEX(Плата!$Q:$Q,$L39)&"") -> в наявності | I39: =IF($L39="","",IF(INDEX(Плата!$AI:$AI,$L39)="","",HYPERLINK(INDEX(Плата!$AI:$AI,$L39),"відкрити"))) -> відкрити | J39: =IF($L39="","",INDEX(Плата!$U:$U,$L39)&"") -> власний склад: 4 шт по 198.23 грн, строк 0 тижнів; решта 2 шт - Digi-Key 296-38849-1-ND (34304 шт, 3 тижні, 374.63 грн без ПДВ = 449.56 з ПДВ) у тому ж кошику VD MAIS. Ціна в рядку - середня для 6 шт ((4 x 198.23 + 2 x 449.56) / 6 = 282.01); для іншої кількості перерахувати | K39: =IFERROR(SMALL(Плата!$AJ$6:$AJ$44,35),"") -> 2043 | L39: =IF(K39="","",MOD(K39,1000)) -> 43
A40: =IF($L40="","",INDEX(Плата!$O:$O,$L40)&"") | B40: =IF($L40="","",INDEX(Плата!$B:$B,$L40)&"") | C40: =IF($L40="","",INDEX(Плата!$P:$P,$L40)&"") | D40: =IF($L40="","",INDEX(Плата!$L:$L,$L40)) | E40: =IF($L40="","",INDEX(Плата!$G:$G,$L40)&"") | F40: =IF($L40="","",INDEX(Плата!$R:$R,$L40)) | G40: =IF($L40="","",INDEX(Плата!$S:$S,$L40)) | H40: =IF($L40="","",INDEX(Плата!$Q:$Q,$L40)&"") | I40: =IF($L40="","",IF(INDEX(Плата!$AI:$AI,$L40)="","",HYPERLINK(INDEX(Плата!$AI:$AI,$L40),"відкрити"))) | J40: =IF($L40="","",INDEX(Плата!$U:$U,$L40)&"") | K40: =IFERROR(SMALL(Плата!$AJ$6:$AJ$44,36),"") | L40: =IF(K40="","",MOD(K40,1000))
A41: =IF($L41="","",INDEX(Плата!$O:$O,$L41)&"") | B41: =IF($L41="","",INDEX(Плата!$B:$B,$L41)&"") | C41: =IF($L41="","",INDEX(Плата!$P:$P,$L41)&"") | D41: =IF($L41="","",INDEX(Плата!$L:$L,$L41)) | E41: =IF($L41="","",INDEX(Плата!$G:$G,$L41)&"") | F41: =IF($L41="","",INDEX(Плата!$R:$R,$L41)) | G41: =IF($L41="","",INDEX(Плата!$S:$S,$L41)) | H41: =IF($L41="","",INDEX(Плата!$Q:$Q,$L41)&"") | I41: =IF($L41="","",IF(INDEX(Плата!$AI:$AI,$L41)="","",HYPERLINK(INDEX(Плата!$AI:$AI,$L41),"відкрити"))) | J41: =IF($L41="","",INDEX(Плата!$U:$U,$L41)&"") | K41: =IFERROR(SMALL(Плата!$AJ$6:$AJ$44,37),"") | L41: =IF(K41="","",MOD(K41,1000))
A42: =IF($L42="","",INDEX(Плата!$O:$O,$L42)&"") | B42: =IF($L42="","",INDEX(Плата!$B:$B,$L42)&"") | C42: =IF($L42="","",INDEX(Плата!$P:$P,$L42)&"") | D42: =IF($L42="","",INDEX(Плата!$L:$L,$L42)) | E42: =IF($L42="","",INDEX(Плата!$G:$G,$L42)&"") | F42: =IF($L42="","",INDEX(Плата!$R:$R,$L42)) | G42: =IF($L42="","",INDEX(Плата!$S:$S,$L42)) | H42: =IF($L42="","",INDEX(Плата!$Q:$Q,$L42)&"") | I42: =IF($L42="","",IF(INDEX(Плата!$AI:$AI,$L42)="","",HYPERLINK(INDEX(Плата!$AI:$AI,$L42),"відкрити"))) | J42: =IF($L42="","",INDEX(Плата!$U:$U,$L42)&"") | K42: =IFERROR(SMALL(Плата!$AJ$6:$AJ$44,38),"") | L42: =IF(K42="","",MOD(K42,1000))
A43: =IF($L43="","",INDEX(Плата!$O:$O,$L43)&"") | B43: =IF($L43="","",INDEX(Плата!$B:$B,$L43)&"") | C43: =IF($L43="","",INDEX(Плата!$P:$P,$L43)&"") | D43: =IF($L43="","",INDEX(Плата!$L:$L,$L43)) | E43: =IF($L43="","",INDEX(Плата!$G:$G,$L43)&"") | F43: =IF($L43="","",INDEX(Плата!$R:$R,$L43)) | G43: =IF($L43="","",INDEX(Плата!$S:$S,$L43)) | H43: =IF($L43="","",INDEX(Плата!$Q:$Q,$L43)&"") | I43: =IF($L43="","",IF(INDEX(Плата!$AI:$AI,$L43)="","",HYPERLINK(INDEX(Плата!$AI:$AI,$L43),"відкрити"))) | J43: =IF($L43="","",INDEX(Плата!$U:$U,$L43)&"") | K43: =IFERROR(SMALL(Плата!$AJ$6:$AJ$44,39),"") | L43: =IF(K43="","",MOD(K43,1000))
F44: Деталі: | G44: =SUM(G5:G43) -> 8328.764
A46: Набори (книги)
A47: =IF(Набори!$E$5>0,Набори!G5,"") | C47: =IF(Набори!$E$5>0,Набори!B5,"") | D47: =IF(Набори!$E$5>0,Набори!E5,"") | E47: =IF(Набори!$E$5>0,"шт","") | F47: =IF(Набори!$E$5>0,Набори!K5,"") | G47: =IF(Набори!$E$5>0,Набори!L5,"") | H47: =IF(Набори!$E$5>0,Набори!H5,"") | I47: =IF(Набори!$E$5>0,HYPERLINK(Набори!O5,"відкрити"),"")
F48: Набори: | G48: =SUM(G47:G47) -> 0
A50: Поза платою (корпус, проводи, кріплення)
A51: =IF($L51="","",INDEX('Поза платою'!$L:$L,$L51)&"") -> IMRAD | B51: =IF($L51="","",INDEX('Поза платою'!$B:$B,$L51)&"") -> J503 B3B-XH-A | C51: =IF($L51="","",INDEX('Поза платою'!$M:$M,$L51)&"") -> JST XHP-3 | D51: =IF($L51="","",INDEX('Поза платою'!$K:$K,$L51)) -> 6 | E51: =IF($L51="","",INDEX('Поза платою'!$F:$F,$L51)&"") -> шт | F51: =IF($L51="","",INDEX('Поза платою'!$Q:$Q,$L51)) -> 2.16 | G51: =IF($L51="","",INDEX('Поза платою'!$R:$R,$L51)) -> 12.96 | H51: =IF($L51="","",INDEX('Поза платою'!$N:$N,$L51)&"") -> в наявності | I51: =IF($L51="","",IF(INDEX('Поза платою'!$Z:$Z,$L51)="","",HYPERLINK(INDEX('Поза платою'!$Z:$Z,$L51),"відкрити"))) -> відкрити | J51: =IF($L51="","",INDEX('Поза платою'!$V:$V,$L51)&"") -> в наявності (кількість не показано) | K51: =IFERROR(SMALL('Поза платою'!$AA$5:$AA$13,1),"") -> 1006 | L51: =IF(K51="","",MOD(K51,1000)) -> 6
A52: =IF($L52="","",INDEX('Поза платою'!$L:$L,$L52)&"") -> IMRAD | B52: =IF($L52="","",INDEX('Поза платою'!$B:$B,$L52)&"") -> J504 B2B-XH-A | C52: =IF($L52="","",INDEX('Поза платою'!$M:$M,$L52)&"") -> JST XHP-2 | D52: =IF($L52="","",INDEX('Поза платою'!$K:$K,$L52)) -> 6 | E52: =IF($L52="","",INDEX('Поза платою'!$F:$F,$L52)&"") -> шт | F52: =IF($L52="","",INDEX('Поза платою'!$Q:$Q,$L52)) -> 1.72 | G52: =IF($L52="","",INDEX('Поза платою'!$R:$R,$L52)) -> 10.32 | H52: =IF($L52="","",INDEX('Поза платою'!$N:$N,$L52)&"") -> в наявності | I52: =IF($L52="","",IF(INDEX('Поза платою'!$Z:$Z,$L52)="","",HYPERLINK(INDEX('Поза платою'!$Z:$Z,$L52),"відкрити"))) -> відкрити | J52: =IF($L52="","",INDEX('Поза платою'!$V:$V,$L52)&"") -> в наявності (кількість не показано) | K52: =IFERROR(SMALL('Поза платою'!$AA$5:$AA$13,2),"") -> 1007 | L52: =IF(K52="","",MOD(K52,1000)) -> 7
A53: =IF($L53="","",INDEX('Поза платою'!$L:$L,$L53)&"") -> Космодром | B53: =IF($L53="","",INDEX('Поза платою'!$B:$B,$L53)&"") -> XHP-3 (3 шт) + XHP-2 (2 шт) | C53: =IF($L53="","",INDEX('Поза платою'!$M:$M,$L53)&"") -> JST SXH-001T-P0.6 (точний MPN) | D53: =IF($L53="","",INDEX('Поза платою'!$K:$K,$L53)) -> 30 | E53: =IF($L53="","",INDEX('Поза платою'!$F:$F,$L53)&"") -> шт | F53: =IF($L53="","",INDEX('Поза платою'!$Q:$Q,$L53)) -> 2.4 | G53: =IF($L53="","",INDEX('Поза платою'!$R:$R,$L53)) -> 72 | H53: =IF($L53="","",INDEX('Поза платою'!$N:$N,$L53)&"") -> в наявності | I53: =IF($L53="","",IF(INDEX('Поза платою'!$Z:$Z,$L53)="","",HYPERLINK(INDEX('Поза платою'!$Z:$Z,$L53),"відкрити"))) -> відкрити | J53: =IF($L53="","",INDEX('Поза платою'!$V:$V,$L53)&"") -> на складі 2499 шт | K53: =IFERROR(SMALL('Поза платою'!$AA$5:$AA$13,3),"") -> 3008 | L53: =IF(K53="","",MOD(K53,1000)) -> 8
A54: =IF($L54="","",INDEX('Поза платою'!$L:$L,$L54)&"") -> Космодром | B54: =IF($L54="","",INDEX('Поза платою'!$B:$B,$L54)&"") -> H1-H4 (отвори 3.2 мм) | C54: =IF($L54="","",INDEX('Поза платою'!$M:$M,$L54)&"") -> PLFF-M3-10 (Nylon 66, M3, 10 мм, F-F) | D54: =IF($L54="","",INDEX('Поза платою'!$K:$K,$L54)) -> 22 | E54: =IF($L54="","",INDEX('Поза платою'!$F:$F,$L54)&"") -> шт | F54: =IF($L54="","",INDEX('Поза платою'!$Q:$Q,$L54)) -> 4.2 | G54: =IF($L54="","",INDEX('Поза платою'!$R:$R,$L54)) -> 92.4 | H54: =IF($L54="","",INDEX('Поза платою'!$N:$N,$L54)&"") -> в наявності | I54: =IF($L54="","",IF(INDEX('Поза платою'!$Z:$Z,$L54)="","",HYPERLINK(INDEX('Поза платою'!$Z:$Z,$L54),"відкрити"))) -> відкрити | J54: =IF($L54="","",INDEX('Поза платою'!$V:$V,$L54)&"") -> на складі 40597 шт; матеріал Nylon 66 94V-2 | K54: =IFERROR(SMALL('Поза платою'!$AA$5:$AA$13,4),"") -> 3009 | L54: =IF(K54="","",MOD(K54,1000)) -> 9
A55: =IF($L55="","",INDEX('Поза платою'!$L:$L,$L55)&"") -> РКС Компоненти | B55: =IF($L55="","",INDEX('Поза платою'!$B:$B,$L55)&"") -> H1-H4: плата - стійка (4) і стійка - корпус (4) | C55: =IF($L55="","",INDEX('Поза платою'!$M:$M,$L55)&"") -> KLS8-0318-PF-M3-06 (пластиковий M3x6, головка 5.5 мм) | D55: =IF($L55="","",INDEX('Поза платою'!$K:$K,$L55)) -> 44 | E55: =IF($L55="","",INDEX('Поза платою'!$F:$F,$L55)&"") -> шт | F55: =IF($L55="","",INDEX('Поза платою'!$Q:$Q,$L55)) -> 1.8 | G55: =IF($L55="","",INDEX('Поза платою'!$R:$R,$L55)) -> 79.2 | H55: =IF($L55="","",INDEX('Поза платою'!$N:$N,$L55)&"") -> в наявності | I55: =IF($L55="","",IF(INDEX('Поза платою'!$Z:$Z,$L55)="","",HYPERLINK(INDEX('Поза платою'!$Z:$Z,$L55),"відкрити"))) -> відкрити | J55: =IF($L55="","",INDEX('Поза платою'!$V:$V,$L55)&"") -> у наявності 103 шт (Львів 98, Харків 5), очікується 20000 шт (дату не показано); 10+ по 2.00, 14+ по 1.50 грн без ПДВ | K55: =IFERROR(SMALL('Поза платою'!$AA$5:$AA$13,5),"") -> 4010 | L55: =IF(K55="","",MOD(K55,1000)) -> 10
A56: =IF($L56="","",INDEX('Поза платою'!$L:$L,$L56)&"") -> РКС Компоненти | B56: =IF($L56="","",INDEX('Поза платою'!$B:$B,$L56)&"") -> H1-H4 під головку гвинта; обов'язково біля H3 (F101.2 за 4.45 мм) | C56: =IF($L56="","",INDEX('Поза платою'!$M:$M,$L56)&"") -> KangYang WS3-1.5 (пластик, 6 x 3.1 x 1.5 мм) | D56: =IF($L56="","",INDEX('Поза платою'!$K:$K,$L56)) -> 22 | E56: =IF($L56="","",INDEX('Поза платою'!$F:$F,$L56)&"") -> шт | F56: =IF($L56="","",INDEX('Поза платою'!$Q:$Q,$L56)) -> 1.44 | G56: =IF($L56="","",INDEX('Поза платою'!$R:$R,$L56)) -> 31.68 | H56: =IF($L56="","",INDEX('Поза платою'!$N:$N,$L56)&"") -> в наявності | I56: =IF($L56="","",IF(INDEX('Поза платою'!$Z:$Z,$L56)="","",HYPERLINK(INDEX('Поза платою'!$Z:$Z,$L56),"відкрити"))) -> відкрити | J56: =IF($L56="","",INDEX('Поза платою'!$V:$V,$L56)&"") -> у наявності 3323 шт; 14+ по 1.50, 17+ по 1.20 грн без ПДВ | K56: =IFERROR(SMALL('Поза платою'!$AA$5:$AA$13,6),"") -> 4011 | L56: =IF(K56="","",MOD(K56,1000)) -> 11
A57: =IF($L57="","",INDEX('Поза платою'!$L:$L,$L57)&"") -> РКС Компоненти | B57: =IF($L57="","",INDEX('Поза платою'!$B:$B,$L57)&"") -> у тримач на проводі «+» батареї (C-01); F101 на платі - лише вторинний захист | C57: =IF($L57="","",INDEX('Поза платою'!$M:$M,$L57)&"") -> MTA MINIVAL 2A (AMFM-2A) | D57: =IF($L57="","",INDEX('Поза платою'!$K:$K,$L57)) -> 10 | E57: =IF($L57="","",INDEX('Поза платою'!$F:$F,$L57)&"") -> шт | F57: =IF($L57="","",INDEX('Поза платою'!$Q:$Q,$L57)) -> 6 | G57: =IF($L57="","",INDEX('Поза платою'!$R:$R,$L57)) -> 60 | H57: =IF($L57="","",INDEX('Поза платою'!$N:$N,$L57)&"") -> в наявності | I57: =IF($L57="","",IF(INDEX('Поза платою'!$Z:$Z,$L57)="","",HYPERLINK(INDEX('Поза платою'!$Z:$Z,$L57),"відкрити"))) -> відкрити | J57: =IF($L57="","",INDEX('Поза платою'!$V:$V,$L57)&"") -> у наявності 57 шт (Львів); 2+ по 10.00, 10+ по 5.00 грн без ПДВ; 32 В DC - з опису іншої пропозиції того самого MINIVAL 2A MTA на цій сторінці (у картці складу напруги немає): перевірити маркування | K57: =IFERROR(SMALL('Поза платою'!$AA$5:$AA$13,7),"") -> 4013 | L57: =IF(K57="","",MOD(K57,1000)) -> 13
A58: =IF($L58="","",INDEX('Поза платою'!$L:$L,$L58)&"") -> Prom.ua - DIY mag | B58: =IF($L58="","",INDEX('Поза платою'!$B:$B,$L58)&"") -> J503 (кабель модуля в корпусі) | C58: =IF($L58="","",INDEX('Поза платою'!$M:$M,$L58)&"") -> Панельний LED вольтметр 0.28" 0-100V DC, 3-провідний | D58: =IF($L58="","",INDEX('Поза платою'!$K:$K,$L58)) -> 5 | E58: =IF($L58="","",INDEX('Поза платою'!$F:$F,$L58)&"") -> шт | F58: =IF($L58="","",INDEX('Поза платою'!$Q:$Q,$L58)) -> 50 | G58: =IF($L58="","",INDEX('Поза платою'!$R:$R,$L58)) -> 250 | H58: =IF($L58="","",INDEX('Поза платою'!$N:$N,$L58)&"") -> в наявності | I58: =IF($L58="","",IF(INDEX('Поза платою'!$Z:$Z,$L58)="","",HYPERLINK(INDEX('Поза платою'!$Z:$Z,$L58),"відкрити"))) -> відкрити | J58: =IF($L58="","",INDEX('Поза платою'!$V:$V,$L58)&"") -> сторінка: живлення DC 4-30 В («перевищення може пошкодити»), споживання < 30 мА, колір індикатора випадковий; у 24 В системі під час вирівнюючого заряду (до 31 В) живлення на межі: перевірити на стенді (B6/B7) | K58: =IFERROR(SMALL('Поза платою'!$AA$5:$AA$13,8),"") -> 6005 | L58: =IF(K58="","",MOD(K58,1000)) -> 5
A59: =IF($L59="","",INDEX('Поза платою'!$L:$L,$L59)&"") -> Prom.ua - Connectors | B59: =IF($L59="","",INDEX('Поза платою'!$B:$B,$L59)&"") -> провід батареї «+», не далі 0.2 м від затискача (C-01) | C59: =IF($L59="","",INDEX('Поза платою'!$M:$M,$L59)&"") -> Тримач автомобільного запобіжника міні з кабелем (вологозахисний, з кришкою) | D59: =IF($L59="","",INDEX('Поза платою'!$K:$K,$L59)) -> 5 | E59: =IF($L59="","",INDEX('Поза платою'!$F:$F,$L59)&"") -> шт | F59: =IF($L59="","",INDEX('Поза платою'!$Q:$Q,$L59)) -> 40 | G59: =IF($L59="","",INDEX('Поза платою'!$R:$R,$L59)) -> 200 | H59: =IF($L59="","",INDEX('Поза платою'!$N:$N,$L59)&"") -> в наявності | I59: =IF($L59="","",IF(INDEX('Поза платою'!$Z:$Z,$L59)="","",HYPERLINK(INDEX('Поза платою'!$Z:$Z,$L59),"відкрити"))) -> відкрити | J59: =IF($L59="","",INDEX('Поза платою'!$V:$V,$L59)&"") -> замовлення у продавця від 150 грн; переріз проводу на сторінці не вказано: перевірити | K59: =IFERROR(SMALL('Поза платою'!$AA$5:$AA$13,9),"") -> 7012 | L59: =IF(K59="","",MOD(K59,1000)) -> 12
F60: Поза платою: | G60: =SUM(G51:G59) -> 808.56
F61: РАЗОМ: | G61: =G44+G48+G60 -> 9137.324
C62: Без доставки. Рядки без ціни (AliExpress) в суму не входять.

Sheet Плата
A1: Аркуш «Плата»: один рядок = одна група однакових деталей з KiCad BOM плати battery-monitor-rev-a. Результат - стовпець «ЗАМОВИТИ» і аркуш «Список покупок».
A2: Змінювати можна лише ЖОВТІ клітинки: «Купити щонайменше» - скільки взяти із запасом для інших плат; «Вже є» - що вже лежить у вас (наприклад, залишок після rev-c: стовпець «Деталь з rev-c»); «Джерело» і «Магазин» - звідки брати.
A3: «Потрібно на всі плати» + «на брак» → «ЗАМОВИТИ» (не менше «Купити щонайменше» і мінімального замовлення магазину) → «Лишиться в запасі». Технічні стовпці (ціна на сайті, мінімум, резерв, MPN) згорнуто: кнопка «+» над заголовками.
A4: ДЕТАЛЬ | F4: СКІЛЬКИ | N4: ДЕ КУПИТИ | V4: ДОВІДКА (згорнуто: «+» над стовпцями)
A5: № | B5: Позиції | C5: Номінал | D5: Корпус (KiCad footprint) | E5: Що купувати / допустима заміна | F5: На 1 плату | G5: Од. | H5: Потрібно на всі плати | I5: + на брак | J5: Купити щонайменше ✎ | K5: Вже є ✎ | L5: ЗАМОВИТИ | M5: Лишиться в запасі | N5: Джерело ✎ | O5: Магазин ✎ | P5: Що саме замовити | Q5: Статус | R5: Ціна з ПДВ, грн/од. | S5: Сума, грн | T5: Посилання | U5: Примітка до покупки | V5: Ціна на сайті, грн/од. | W5: Ціна вказана | X5: Мін. замовл. | Y5: Кратність | Z5: Відповідність | AA5: Перевірено | AB5: Резервний варіант | AC5: Резерв: посилання | AD5: AliExpress (пошук) | AE5: Деталь з rev-c | AF5: Категорія | AG5: Призначення в схемі | AH5: MPN у KiCad (виробник) | AI5: URL (службовий) | AJ5: Ключ (службовий)
A6: 1 | B6: C101 | C6: 22uF 100V | D6: CP_Elec_8x10 | E6: 22 мкФ 100 В, алюмінієвий SMD 8x10 мм, low-ESR (Panasonic FK або аналог того самого розміру) | F6: 1 | G6: шт | H6: =F6*Інструкція!$C$5 -> 5 | I6: =IF(H6=0,0,MAX(ROUNDUP(H6*INDEX(Інструкція!$C$9:$C$13,MATCH(AF6,Інструкція!$B$9:$B$13,0)),0),INDEX(Інструкція!$D$9:$D$13,MATCH(AF6,Інструкція!$B$9:$B$13,0)))) -> 3 | J6: 10 | K6: 0 | L6: =IF(N6<>"магазин",0,IF(MAX(0,MAX(H6+I6,J6)-K6)=0,0,MAX(X6,CEILING(MAX(0,MAX(H6+I6,J6)-K6),Y6)))) -> 10 | M6: =IF(N6="магазин",L6+K6-H6,IF(N6="книга резисторів 0603",(Набори!$D$5+Набори!$E$5)*Набори!$F$5-H6,"")) -> 5 | N6: магазин | O6: IMRAD | P6: Panasonic EEEFK2A220P (точний MPN) | Q6: в наявності | R6: =IF(V6="","",IF(W6="без ПДВ",V6*(1+Інструкція!$C$6),V6)) -> 14.82 | S6: =IF(L6=0,0,IF(R6="","",L6*R6)) -> 148.2 | T6: відкрити | U6: IMRAD: «Є в наявності, на складі» (кількість не показано); ціна від 6 шт (1 шт: 16.13, від 15: 13.69, від 70: 12.38) | V6: 14.82 | W6: як на сторінці | X6: 1 | Y6: 1 | Z6: точний MPN | AA6: 2026-10-25 | AB6: Космодром: Panasonic EEEFK2A220P (точний MPN): в наявності, 14.5 грн (без ПДВ). на складі 131 шт | AC6: відкрити | AD6: пошук | AF6: Дрібні пасивні | AG6: C101: демпфування дзвону на проводах батареї (VIN_PROT) | AH6: EEE-FK2A220P (Panasonic) | AI6: https://imrad.com.ua/ua/eeefk2a220p-3 | AJ6: =IF(L6>0,IFERROR(MATCH(O6,Кошики!$A$2:$A$10,0),99)*1000+ROW(),"") -> 1006
A7: 2 | B7: C102 | C7: 10uF 100V | D7: C_1210_3225Metric | E7: 10 мкФ 100 В X7S 1210, Murata GRM32EC72A106KE05L (той самий з кодом пакування KE05K; допустима заміна Samsung CL32Y106KCVZ4NE) | F7: 1 | G7: шт | H7: =F7*Інструкція!$C$5 -> 5 | I7: =IF(H7=0,0,MAX(ROUNDUP(H7*INDEX(Інструкція!$C$9:$C$13,MATCH(AF7,Інструкція!$B$9:$B$13,0)),0),INDEX(Інструкція!$D$9:$D$13,MATCH(AF7,Інструкція!$B$9:$B$13,0)))) -> 3 | J7: 10 | K7: 0 | L7: =IF(N7<>"магазин",0,IF(MAX(0,MAX(H7+I7,J7)-K7)=0,0,MAX(X7,CEILING(MAX(0,MAX(H7+I7,J7)-K7),Y7)))) -> 10 | M7: =IF(N7="магазин",L7+K7-H7,IF(N7="книга резисторів 0603",(Набори!$D$5+Набори!$E$5)*Набори!$F$5-H7,"")) -> 5 | N7: магазин | O7: IMRAD | P7: Murata GRM32EC72A106KE05L (точний MPN) | Q7: в наявності | R7: =IF(V7="","",IF(W7="без ПДВ",V7*(1+Інструкція!$C$6),V7)) -> 32.06 | S7: =IF(L7=0,0,IF(R7="","",L7*R7)) -> 320.6 | T7: відкрити | U7: IMRAD: «Є в наявності, на складі» (кількість не показано); ціна від 5 шт (1 шт: 36.53) | V7: 32.06 | W7: як на сторінці | X7: 1 | Y7: 1 | Z7: точний MPN | AA7: 2026-10-25 | AB7: VD MAIS: Murata GRM32EC72A106KE05K (10 мкФ 100 В X7S 1210): в наявності, 44.55 грн (з ПДВ). той самий GRM32EC72A106KE05L, інший лише код пакування; на складі 60 шт | AC7: відкрити | AD7: пошук | AF7: Дрібні пасивні | AG7: C102: вхідний конденсатор U101 LMR38010 | AH7: GRM32EC72A106KE05L (Murata) | AI7: https://imrad.com.ua/ua/grm32ec72a106ke05l-2 | AJ7: =IF(L7>0,IFERROR(MATCH(O7,Кошики!$A$2:$A$10,0),99)*1000+ROW(),"") -> 1007
A8: 3 | B8: C103 | C8: 100nF 100V | D8: C_0603_1608Metric | E8: 100 нФ, 0603, X7R, >= 100 В (Samsung CL10B104KC8NNNC або аналог X7R 100 В) | F8: 1 | G8: шт | H8: =F8*Інструкція!$C$5 -> 5 | I8: =IF(H8=0,0,MAX(ROUNDUP(H8*INDEX(Інструкція!$C$9:$C$13,MATCH(AF8,Інструкція!$B$9:$B$13,0)),0),INDEX(Інструкція!$D$9:$D$13,MATCH(AF8,Інструкція!$B$9:$B$13,0)))) -> 3 | J8: 100 | K8: 0 | L8: =IF(N8<>"магазин",0,IF(MAX(0,MAX(H8+I8,J8)-K8)=0,0,MAX(X8,CEILING(MAX(0,MAX(H8+I8,J8)-K8),Y8)))) -> 100 | M8: =IF(N8="магазин",L8+K8-H8,IF(N8="книга резисторів 0603",(Набори!$D$5+Набори!$E$5)*Набори!$F$5-H8,"")) -> 95 | N8: магазин | O8: IMRAD | P8: Samsung CL10B104KC8NNNC (100 нФ X7R 100 В 0603, точний MPN) | Q8: в наявності | R8: =IF(V8="","",IF(W8="без ПДВ",V8*(1+Інструкція!$C$6),V8)) -> 0.94 | S8: =IF(L8=0,0,IF(R8="","",L8*R8)) -> 94 | T8: відкрити | U8: IMRAD: «Є в наявності, на складі» (кількість не показано); ціна від 100 шт (1 шт: 1.65, від 10: 1.02) | V8: 0.94 | W8: як на сторінці | X8: 1 | Y8: 1 | Z8: точний MPN | AA8: 2026-10-25 | AB8: Космодром: Samsung CL10B104KC8NNNC (точний MPN), партнерський склад: під замовлення, 2.76 грн (без ПДВ), мін. 50 шт. 4-6 тижнів, ціна від 50 шт | AC8: відкрити | AD8: пошук | AF8: Дрібні пасивні | AG8: C103: розв'язка VIN/GND біля U101 | AH8: CL10B104KC8NNNC (Samsung) | AI8: https://imrad.com.ua/ua/cl10b104kc8nnnc-3 | AJ8: =IF(L8>0,IFERROR(MATCH(O8,Кошики!$A$2:$A$10,0),99)*1000+ROW(),"") -> 1008
A9: 4 | B9: C104, C202-C205, C301, C302, C402 | C9: 100nF | D9: C_0603_1608Metric | E9: 100 нФ, 0603, X7R, >= 25 В (C104 bootstrap >= 16 В): Samsung CL10B104KB8NNNC (50 В) | F9: 8 | G9: шт | H9: =F9*Інструкція!$C$5 -> 40 | I9: =IF(H9=0,0,MAX(ROUNDUP(H9*INDEX(Інструкція!$C$9:$C$13,MATCH(AF9,Інструкція!$B$9:$B$13,0)),0),INDEX(Інструкція!$D$9:$D$13,MATCH(AF9,Інструкція!$B$9:$B$13,0)))) -> 8 | J9: 100 | K9: 0 | L9: =IF(N9<>"магазин",0,IF(MAX(0,MAX(H9+I9,J9)-K9)=0,0,MAX(X9,CEILING(MAX(0,MAX(H9+I9,J9)-K9),Y9)))) -> 100 | M9: =IF(N9="магазин",L9+K9-H9,IF(N9="книга резисторів 0603",(Набори!$D$5+Набори!$E$5)*Набори!$F$5-H9,"")) -> 60 | N9: магазин | O9: IMRAD | P9: Samsung CL10B104KB8NNNC (100 нФ X7R 50 В 0603, точний MPN) | Q9: в наявності | R9: =IF(V9="","",IF(W9="без ПДВ",V9*(1+Інструкція!$C$6),V9)) -> 0.67 | S9: =IF(L9=0,0,IF(R9="","",L9*R9)) -> 67 | T9: відкрити | U9: IMRAD: «Є в наявності, на складі» (кількість не показано); ціна від 100 шт (1 шт: 1.65, від 10: 0.72, від 500: 0.63) | V9: 0.67 | W9: як на сторінці | X9: 1 | Y9: 1 | Z9: точний MPN | AA9: 2026-10-25 | AB9: Космодром: Samsung CL10B104KB8NNNC (точний MPN), партнерський склад: під замовлення, 1.79 грн (без ПДВ), мін. 100 шт. 4-6 тижнів, ціна від 100 шт | AC9: відкрити | AD9: пошук | AF9: Дрібні пасивні | AG9: C104 bootstrap U101; C202-C205 розв'язка ESP32; C301/C302 ADS1115 і RC-фільтр AIN0; C402 Ra-02 | AH9: CL10B104KB8NNNC (Samsung) | AI9: https://imrad.com.ua/ua/cl10b104kb8nnnc-8 | AJ9: =IF(L9>0,IFERROR(MATCH(O9,Кошики!$A$2:$A$10,0),99)*1000+ROW(),"") -> 1009
A10: 5 | B10: C105-C107, C201 | C10: 22uF | D10: C_0805_2012Metric | E10: 22 мкФ, 0805, X5R, >= 25 В: Murata GRM21BR61E226ME44L (або Samsung CL21A226MAYNNNE того самого класу) | F10: 4 | G10: шт | H10: =F10*Інструкція!$C$5 -> 20 | I10: =IF(H10=0,0,MAX(ROUNDUP(H10*INDEX(Інструкція!$C$9:$C$13,MATCH(AF10,Інструкція!$B$9:$B$13,0)),0),INDEX(Інструкція!$D$9:$D$13,MATCH(AF10,Інструкція!$B$9:$B$13,0)))) -> 4 | J10: 50 | K10: 0 | L10: =IF(N10<>"магазин",0,IF(MAX(0,MAX(H10+I10,J10)-K10)=0,0,MAX(X10,CEILING(MAX(0,MAX(H10+I10,J10)-K10),Y10)))) -> 50 | M10: =IF(N10="магазин",L10+K10-H10,IF(N10="книга резисторів 0603",(Набори!$D$5+Набори!$E$5)*Набори!$F$5-H10,"")) -> 30 | N10: магазин | O10: IMRAD | P10: Murata GRM21BR61E226ME44L (точний MPN) | Q10: в наявності | R10: =IF(V10="","",IF(W10="без ПДВ",V10*(1+Інструкція!$C$6),V10)) -> 12.04 | S10: =IF(L10=0,0,IF(R10="","",L10*R10)) -> 602 | T10: відкрити | U10: IMRAD: «Є в наявності, на складі» (кількість не показано); ціна від 10 шт (1 шт: 13.42, від 100: 11.21). «Купити щонайменше» 50 задано, коли ціна була 2.96 грн: потреба 5 плат = 24 шт | V10: 12.04 | W10: як на сторінці | X10: 1 | Y10: 1 | Z10: точний MPN | AA10: 2026-10-25 | AB10: Космодром: Murata GRM21BR61E226ME44L (точний MPN), партнерський склад: під замовлення, 32.83 грн (без ПДВ), мін. 5 шт. 4-6 тижнів, ціна від 5 шт | AC10: відкрити | AD10: пошук | AF10: Дрібні пасивні | AG10: C105-C107: вихід buck +3V3; C201: +3V3 біля ESP32 | AH10: GRM21BR61E226ME44L (Murata) | AI10: https://imrad.com.ua/ua/grm21br61e226me44l-1 | AJ10: =IF(L10>0,IFERROR(MATCH(O10,Кошики!$A$2:$A$10,0),99)*1000+ROW(),"") -> 1010
A11: 6 | B11: C401 | C11: 10uF | D11: C_0805_2012Metric | E11: 10 мкФ, 0805, X5R або X7R, >= 10 В | F11: 1 | G11: шт | H11: =F11*Інструкція!$C$5 -> 5 | I11: =IF(H11=0,0,MAX(ROUNDUP(H11*INDEX(Інструкція!$C$9:$C$13,MATCH(AF11,Інструкція!$B$9:$B$13,0)),0),INDEX(Інструкція!$D$9:$D$13,MATCH(AF11,Інструкція!$B$9:$B$13,0)))) -> 3 | J11: 20 | K11: 0 | L11: =IF(N11<>"магазин",0,IF(MAX(0,MAX(H11+I11,J11)-K11)=0,0,MAX(X11,CEILING(MAX(0,MAX(H11+I11,J11)-K11),Y11)))) -> 20 | M11: =IF(N11="магазин",L11+K11-H11,IF(N11="книга резисторів 0603",(Набори!$D$5+Набори!$E$5)*Набори!$F$5-H11,"")) -> 15 | N11: магазин | O11: IMRAD | P11: Samsung CL21A106KAYNNNE (точний MPN) | Q11: в наявності | R11: =IF(V11="","",IF(W11="без ПДВ",V11*(1+Інструкція!$C$6),V11)) -> 3.41 | S11: =IF(L11=0,0,IF(R11="","",L11*R11)) -> 68.2 | T11: відкрити | U11: IMRAD: «Є в наявності, на складі» (кількість не показано); ціна від 10 шт (1 шт: 3.80, від 100: 3.18) | V11: 3.41 | W11: як на сторінці | X11: 1 | Y11: 1 | Z11: точний MPN | AA11: 2026-10-25 | AB11: VD MAIS: Samsung CL21A106KAYNNNE (точний MPN): в наявності, 0.92 грн (з ПДВ), мін. 10 шт. ціна від 10 шт; на складі 1293 шт | AC11: відкрити | AD11: пошук | AE11: так | AF11: Дрібні пасивні | AG11: C401: +3V3 біля Ra-02 | AH11: CL21A106KAYNNNE (Samsung) | AI11: https://imrad.com.ua/ua/cl21a106kaynnne-3 | AJ11: =IF(L11>0,IFERROR(MATCH(O11,Кошики!$A$2:$A$10,0),99)*1000+ROW(),"") -> 1011
A12: 7 | B12: D101 | C12: B1100 | D12: D_SMA | E12: Шотткі 100 В 1 А, SMA: Diodes B1100-13-F (VF 0.79 В max при 1 А). НЕ ставити 60-вольтові SS1x (SS16 тощо) | F12: 1 | G12: шт | H12: =F12*Інструкція!$C$5 -> 5 | I12: =IF(H12=0,0,MAX(ROUNDUP(H12*INDEX(Інструкція!$C$9:$C$13,MATCH(AF12,Інструкція!$B$9:$B$13,0)),0),INDEX(Інструкція!$D$9:$D$13,MATCH(AF12,Інструкція!$B$9:$B$13,0)))) -> 1 | J12: 10 | K12: 0 | L12: =IF(N12<>"магазин",0,IF(MAX(0,MAX(H12+I12,J12)-K12)=0,0,MAX(X12,CEILING(MAX(0,MAX(H12+I12,J12)-K12),Y12)))) -> 10 | M12: =IF(N12="магазин",L12+K12-H12,IF(N12="книга резисторів 0603",(Набори!$D$5+Набори!$E$5)*Набори!$F$5-H12,"")) -> 5 | N12: магазин | O12: IMRAD | P12: Diodes B1100-13-F (100 В, 1 А, SMA, точний MPN) | Q12: в наявності | R12: =IF(V12="","",IF(W12="без ПДВ",V12*(1+Інструкція!$C$6),V12)) -> 5.55 | S12: =IF(L12=0,0,IF(R12="","",L12*R12)) -> 55.5 | T12: відкрити | U12: IMRAD: «Є в наявності, на складі» (кількість не показано); ціна від 10 шт (1 шт: 6.07, від 50: 5.21) | V12: 5.55 | W12: як на сторінці | X12: 1 | Y12: 1 | Z12: точний MPN | AA12: 2026-10-25 | AB12: Космодром: Diodes B1100-13-F (точний MPN): в наявності, 3 грн (без ПДВ). на складі 1475 шт | AC12: відкрити | AD12: пошук | AF12: Мікросхеми та силові | AG12: D101: захист від переполюсовки батареї | AH12: B1100-13-F (Diodes Incorporated) | AI12: https://imrad.com.ua/ua/b1100-13-f-9 | AJ12: =IF(L12>0,IFERROR(MATCH(O12,Кошики!$A$2:$A$10,0),99)*1000+ROW(),"") -> 1012
A13: 8 | B13: D102 | C13: SMAJ33A | D13: D_SMA | E13: SMAJ33A будь-якого виробника: 33 В, 400 Вт, ОДНОНАПРЯМЛЕНИЙ (не SMAJ33CA), SMA | F13: 1 | G13: шт | H13: =F13*Інструкція!$C$5 -> 5 | I13: =IF(H13=0,0,MAX(ROUNDUP(H13*INDEX(Інструкція!$C$9:$C$13,MATCH(AF13,Інструкція!$B$9:$B$13,0)),0),INDEX(Інструкція!$D$9:$D$13,MATCH(AF13,Інструкція!$B$9:$B$13,0)))) -> 1 | J13: 10 | K13: 0 | L13: =IF(N13<>"магазин",0,IF(MAX(0,MAX(H13+I13,J13)-K13)=0,0,MAX(X13,CEILING(MAX(0,MAX(H13+I13,J13)-K13),Y13)))) -> 10 | M13: =IF(N13="магазин",L13+K13-H13,IF(N13="книга резисторів 0603",(Набори!$D$5+Набори!$E$5)*Набори!$F$5-H13,"")) -> 5 | N13: магазин | O13: IMRAD | P13: ST SMAJ33A-TR (однонаправлений, 33 В, 400 Вт, SMA, точний MPN) | Q13: в наявності | R13: =IF(V13="","",IF(W13="без ПДВ",V13*(1+Інструкція!$C$6),V13)) -> 6.26 | S13: =IF(L13=0,0,IF(R13="","",L13*R13)) -> 62.6 | T13: відкрити | U13: IMRAD: «Є в наявності, на складі» (кількість не показано); ціна від 10 шт (1 шт: 6.85, від 50: 5.87) | V13: 6.26 | W13: як на сторінці | X13: 1 | Y13: 1 | Z13: точний MPN | AA13: 2026-10-25 | AB13: Космодром: ST SMAJ33A-TR (точний MPN), партнерський склад: під замовлення, 9.52 грн (без ПДВ), мін. 5 шт. 4-6 тижнів, ціна від 5 шт (власний склад Космодрому: 0 шт, очікується) | AC13: відкрити | AD13: пошук | AF13: Мікросхеми та силові | AG13: D102: TVS на вході VIN_PROT | AH13: SMAJ33A-TR (STMicroelectronics) | AI13: https://imrad.com.ua/ua/smaj33a-tr-4 | AJ13: =IF(L13>0,IFERROR(MATCH(O13,Кошики!$A$2:$A$10,0),99)*1000+ROW(),"") -> 1013
A14: 9 | B14: D501 | C14: GREEN | D14: LED_0603_1608Metric | E14: Жовто-зелений світлодіод 0603, Vf близько 2.0-2.4 В (571 нм): Lite-On LTST-C191KGKT. НЕ ставити смарагдові 525 нм / 3 В | F14: 1 | G14: шт | H14: =F14*Інструкція!$C$5 -> 5 | I14: =IF(H14=0,0,MAX(ROUNDUP(H14*INDEX(Інструкція!$C$9:$C$13,MATCH(AF14,Інструкція!$B$9:$B$13,0)),0),INDEX(Інструкція!$D$9:$D$13,MATCH(AF14,Інструкція!$B$9:$B$13,0)))) -> 3 | J14: 20 | K14: 0 | L14: =IF(N14<>"магазин",0,IF(MAX(0,MAX(H14+I14,J14)-K14)=0,0,MAX(X14,CEILING(MAX(0,MAX(H14+I14,J14)-K14),Y14)))) -> 20 | M14: =IF(N14="магазин",L14+K14-H14,IF(N14="книга резисторів 0603",(Набори!$D$5+Набори!$E$5)*Набори!$F$5-H14,"")) -> 15 | N14: магазин | O14: IMRAD | P14: Lite-On LTST-C191KGKT (жовто-зелений 571 нм, точний MPN) | Q14: в наявності | R14: =IF(V14="","",IF(W14="без ПДВ",V14*(1+Інструкція!$C$6),V14)) -> 1.74 | S14: =IF(L14=0,0,IF(R14="","",L14*R14)) -> 34.8 | T14: відкрити | U14: IMRAD: «Є в наявності, на складі» (кількість не показано); ціна від 10 шт (1 шт: 1.84, від 50: 1.56) | V14: 1.74 | W14: як на сторінці | X14: 1 | Y14: 1 | Z14: точний MPN | AA14: 2026-10-25 | AB14: Космодром: Lite-On LTST-C191KGKT (точний MPN), партнерський склад: під замовлення, 2 грн (без ПДВ), мін. 50 шт. 4-6 тижнів, ціна від 50 шт | AC14: відкрити | AD14: пошук | AF14: Дрібні пасивні | AG14: D501: STATUS (GPIO40) | AH14: LTST-C191KGKT (Lite-On) | AI14: https://imrad.com.ua/ua/ltst-c191kgkt-4 | AJ14: =IF(L14>0,IFERROR(MATCH(O14,Кошики!$A$2:$A$10,0),99)*1000+ROW(),"") -> 1014
A15: 10 | B15: D502 | C15: RED | D15: LED_0603_1608Metric | E15: Червоний світлодіод 0603, 630 нм, Vf близько 2 В: Kingbright KP-1608SURCK | F15: 1 | G15: шт | H15: =F15*Інструкція!$C$5 -> 5 | I15: =IF(H15=0,0,MAX(ROUNDUP(H15*INDEX(Інструкція!$C$9:$C$13,MATCH(AF15,Інструкція!$B$9:$B$13,0)),0),INDEX(Інструкція!$D$9:$D$13,MATCH(AF15,Інструкція!$B$9:$B$13,0)))) -> 3 | J15: 20 | K15: 0 | L15: =IF(N15<>"магазин",0,IF(MAX(0,MAX(H15+I15,J15)-K15)=0,0,MAX(X15,CEILING(MAX(0,MAX(H15+I15,J15)-K15),Y15)))) -> 20 | M15: =IF(N15="магазин",L15+K15-H15,IF(N15="книга резисторів 0603",(Набори!$D$5+Набори!$E$5)*Набори!$F$5-H15,"")) -> 15 | N15: магазин | O15: IMRAD | P15: Kingbright KP-1608SURCK (червоний 630 нм, точний MPN) | Q15: в наявності | R15: =IF(V15="","",IF(W15="без ПДВ",V15*(1+Інструкція!$C$6),V15)) -> 4.69 | S15: =IF(L15=0,0,IF(R15="","",L15*R15)) -> 93.8 | T15: відкрити | U15: IMRAD: «Є в наявності, на складі» (кількість не показано); ціна від 10 шт (1 шт: 4.96, від 50: 4.21) | V15: 4.69 | W15: як на сторінці | X15: 1 | Y15: 1 | Z15: точний MPN | AA15: 2026-10-25 | AB15: Космодром: Kingbright KP-1608SURCK (точний MPN), партнерський склад: під замовлення, 11.5 грн (без ПДВ), мін. 5 шт. 4-6 тижнів, ціна від 5 шт | AC15: відкрити | AD15: пошук | AF15: Дрібні пасивні | AG15: D502: ALERT (GPIO41) | AH15: KP-1608SURCK (Kingbright) | AI15: https://imrad.com.ua/ua/kp-1608surck-3 | AJ15: =IF(L15>0,IFERROR(MATCH(O15,Кошики!$A$2:$A$10,0),99)*1000+ROW(),"") -> 1015
A16: 11 | B16: F101 | C16: 2A 125V | D16: Fuse_Littelfuse-NANO2-451_453 | E16: Лише Littelfuse 0451002.MRL (NANO2 451, 2 А 125 В, дуже швидкий) під футпринт Fuse_Littelfuse-NANO2-451_453. 1206-запобіжники 0466 на цей футпринт не стають | F16: 1 | G16: шт | H16: =F16*Інструкція!$C$5 -> 5 | I16: =IF(H16=0,0,MAX(ROUNDUP(H16*INDEX(Інструкція!$C$9:$C$13,MATCH(AF16,Інструкція!$B$9:$B$13,0)),0),INDEX(Інструкція!$D$9:$D$13,MATCH(AF16,Інструкція!$B$9:$B$13,0)))) -> 1 | J16: 10 | K16: 0 | L16: =IF(N16<>"магазин",0,IF(MAX(0,MAX(H16+I16,J16)-K16)=0,0,MAX(X16,CEILING(MAX(0,MAX(H16+I16,J16)-K16),Y16)))) -> 10 | M16: =IF(N16="магазин",L16+K16-H16,IF(N16="книга резисторів 0603",(Набори!$D$5+Набори!$E$5)*Набори!$F$5-H16,"")) -> 5 | N16: магазин | O16: IMRAD | P16: Littelfuse 0451002.MRL (NANO2, 2 А 125 В, точний MPN) | Q16: в наявності | R16: =IF(V16="","",IF(W16="без ПДВ",V16*(1+Інструкція!$C$6),V16)) -> 49.95 | S16: =IF(L16=0,0,IF(R16="","",L16*R16)) -> 499.5 | T16: відкрити | U16: IMRAD: «Є в наявності, на складі» (кількість не показано); ціна від 8 шт (1 шт: 57.93, від 4: 55.03, від 24: 45.86) | V16: 49.95 | W16: як на сторінці | X16: 1 | Y16: 1 | Z16: точний MPN | AA16: 2026-10-25 | AB16: Космодром: Littelfuse 0451002.MRL (точний MPN; виробник на сайті «LTL»): в наявності, 8 грн (без ПДВ). на складі 806 шт; маркування перевірити при отриманні | AC16: відкрити | AD16: пошук | AF16: Мікросхеми та силові | AG16: F101: запобіжник входу батареї | AH16: 0451002.MRL (Littelfuse) | AI16: https://imrad.com.ua/ua/0451002-mrl-2 | AJ16: =IF(L16>0,IFERROR(MATCH(O16,Кошики!$A$2:$A$10,0),99)*1000+ROW(),"") -> 1016
A17: 12 | B17: F501 | C17: 0.25A 125V | D17: Fuse_1206_3216Metric | E17: Лише Littelfuse 0466.250NRHF (0.25 А, 125 В, дуже швидкий, 1206). Інший номінал не ставити: розраховано разом з R511 | F17: 1 | G17: шт | H17: =F17*Інструкція!$C$5 -> 5 | I17: =IF(H17=0,0,MAX(ROUNDUP(H17*INDEX(Інструкція!$C$9:$C$13,MATCH(AF17,Інструкція!$B$9:$B$13,0)),0),INDEX(Інструкція!$D$9:$D$13,MATCH(AF17,Інструкція!$B$9:$B$13,0)))) -> 1 | J17: 10 | K17: 0 | L17: =IF(N17<>"магазин",0,IF(MAX(0,MAX(H17+I17,J17)-K17)=0,0,MAX(X17,CEILING(MAX(0,MAX(H17+I17,J17)-K17),Y17)))) -> 10 | M17: =IF(N17="магазин",L17+K17-H17,IF(N17="книга резисторів 0603",(Набори!$D$5+Набори!$E$5)*Набори!$F$5-H17,"")) -> 5 | N17: магазин | O17: VD MAIS | P17: Littelfuse 0466.250NRHF (точний MPN), Digi-Key через VD MAIS | Q17: під замовлення | R17: =IF(V17="","",IF(W17="без ПДВ",V17*(1+Інструкція!$C$6),V17)) -> 71.436 | S17: =IF(L17=0,0,IF(R17="","",L17*R17)) -> 714.36 | T17: відкрити | U17: Digi-Key F5692CT-ND: 5812 шт, 3 тижні; ціна від 5 шт 59.53 грн без ПДВ (1 шт: 59.66), дані API VD MAIS; в IMRAD немає (0466.250NR - немає, 0451.250MRL - під замовлення). Замовляти разом з U101 | V17: 59.53 | W17: без ПДВ | X17: 5 | Y17: 1 | Z17: точний MPN | AA17: 2026-10-25 | AB17: Космодром: Littelfuse 0466.250NRHF (точний MPN), партнерський склад: під замовлення, 8.85 грн (без ПДВ), мін. 5 шт. 4-6 тижнів, ціна від 5 шт | AC17: відкрити | AD17: пошук | AF17: Мікросхеми та силові | AG17: F501: запобіжник виходу на вольтметр J503 | AH17: 0466.250NRHF (Littelfuse) | AI17: https://catalog.vdmais.ua/uk/parasearch/?keyword=0466.250NRHF | AJ17: =IF(L17>0,IFERROR(MATCH(O17,Кошики!$A$2:$A$10,0),99)*1000+ROW(),"") -> 2017
A18: 13 | B18: J101 | C18: BAT | D18: SolderWire-0.75sqmm_1x02_P4.8mm_D1.25mm_OD2.3mm | E18: Деталі немає: два отвори під провід 0.75 мм² (косичка XT30 від роз'єму на корпусі) | F18: 1 | G18: шт | H18: =F18*Інструкція!$C$5 -> 5 | I18: =IF(H18=0,0,MAX(ROUNDUP(H18*INDEX(Інструкція!$C$9:$C$13,MATCH(AF18,Інструкція!$B$9:$B$13,0)),0),INDEX(Інструкція!$D$9:$D$13,MATCH(AF18,Інструкція!$B$9:$B$13,0)))) -> 0 | J18: 0 | K18: 0 | L18: =IF(N18<>"магазин",0,IF(MAX(0,MAX(H18+I18,J18)-K18)=0,0,MAX(X18,CEILING(MAX(0,MAX(H18+I18,J18)-K18),Y18)))) -> 0 | M18: =IF(N18="магазин",L18+K18-H18,IF(N18="книга резисторів 0603",(Набори!$D$5+Набори!$E$5)*Набори!$F$5-H18,"")) | N18: не купується | O18: не купується | P18: провід XT30 0.5-0.75 мм² (поза платою) | Q18: не купується | R18: =IF(V18="","",IF(W18="без ПДВ",V18*(1+Інструкція!$C$6),V18)) | S18: =IF(L18=0,0,IF(R18="","",L18*R18)) -> 0 | W18: як на сторінці | X18: 1 | Y18: 1 | AF18: Без деталі | AG18: J101: провід батареї (BAT+ = квадратна площадка) | AH18: - | AJ18: =IF(L18>0,IFERROR(MATCH(O18,Кошики!$A$2:$A$10,0),99)*1000+ROW(),"")
A19: 14 | B19: J201 | C19: USB4105-GF-A | D19: USB_C_Receptacle_HRO_TYPE-C-31-M-12 | E19: GCT USB4105-GF-A на футпринті HRO TYPE-C-31-M-12 (сигнальні площадки ті самі; ніжки корпусу 0.80/1.10 мм у пазах 1.2/1.7 мм): приміряти на голій платі перед пайкою | F19: 1 | G19: шт | H19: =F19*Інструкція!$C$5 -> 5 | I19: =IF(H19=0,0,MAX(ROUNDUP(H19*INDEX(Інструкція!$C$9:$C$13,MATCH(AF19,Інструкція!$B$9:$B$13,0)),0),INDEX(Інструкція!$D$9:$D$13,MATCH(AF19,Інструкція!$B$9:$B$13,0)))) -> 1 | J19: 10 | K19: 0 | L19: =IF(N19<>"магазин",0,IF(MAX(0,MAX(H19+I19,J19)-K19)=0,0,MAX(X19,CEILING(MAX(0,MAX(H19+I19,J19)-K19),Y19)))) -> 10 | M19: =IF(N19="магазин",L19+K19-H19,IF(N19="книга резисторів 0603",(Набори!$D$5+Набори!$E$5)*Набори!$F$5-H19,"")) -> 5 | N19: магазин | O19: IMRAD | P19: GCT USB4105-GF-A (точний MPN) | Q19: в наявності | R19: =IF(V19="","",IF(W19="без ПДВ",V19*(1+Інструкція!$C$6),V19)) -> 34.96 | S19: =IF(L19=0,0,IF(R19="","",L19*R19)) -> 349.6 | T19: відкрити | U19: IMRAD: «Є в наявності, на складі» (кількість не показано); ціна від 8 шт (1 шт: 37.65, від 4: 36.30, від 20: 33.62) | V19: 34.96 | W19: як на сторінці | X19: 1 | Y19: 1 | Z19: точний MPN | AA19: 2026-10-25 | AB19: Космодром: GCT USB4105-GF-A (точний MPN): в наявності, 44 грн (без ПДВ). на складі 726 шт | AC19: відкрити | AD19: пошук | AF19: Роз'єми та кнопки | AG19: J201 USB-C: лише дані/прошивка, плату не живить | AH19: USB4105-GF-A (GCT) | AI19: https://imrad.com.ua/ua/usb4105-gf-a-1 | AJ19: =IF(L19>0,IFERROR(MATCH(O19,Кошики!$A$2:$A$10,0),99)*1000+ROW(),"") -> 1019
A20: 15 | B20: J503 | C20: VOLTMETER | D20: JST_XH_B3B-XH-A_1x03_P2.50mm_Vertical | E20: JST XH 3P вертикальний, крок 2.50 мм (B3B-XH-A). НЕ 2.54 мм | F20: 1 | G20: шт | H20: =F20*Інструкція!$C$5 -> 5 | I20: =IF(H20=0,0,MAX(ROUNDUP(H20*INDEX(Інструкція!$C$9:$C$13,MATCH(AF20,Інструкція!$B$9:$B$13,0)),0),INDEX(Інструкція!$D$9:$D$13,MATCH(AF20,Інструкція!$B$9:$B$13,0)))) -> 1 | J20: 10 | K20: 0 | L20: =IF(N20<>"магазин",0,IF(MAX(0,MAX(H20+I20,J20)-K20)=0,0,MAX(X20,CEILING(MAX(0,MAX(H20+I20,J20)-K20),Y20)))) -> 10 | M20: =IF(N20="магазин",L20+K20-H20,IF(N20="книга резисторів 0603",(Набори!$D$5+Набори!$E$5)*Набори!$F$5-H20,"")) -> 5 | N20: магазин | O20: IMRAD | P20: JST B3B-XH-A (точний MPN) | Q20: в наявності | R20: =IF(V20="","",IF(W20="без ПДВ",V20*(1+Інструкція!$C$6),V20)) -> 4.35 | S20: =IF(L20=0,0,IF(R20="","",L20*R20)) -> 43.5 | T20: відкрити | U20: IMRAD: «Є в наявності, на складі» (кількість не показано); ціна від 10 шт (1 шт: 4.82, від 35: 4.20) | V20: 4.35 | W20: як на сторінці | X20: 1 | Y20: 1 | Z20: точний MPN | AA20: 2026-10-25 | AB20: VD MAIS: JST B3B-XH-A (LF)(SN) (точний MPN): в наявності, 5.81 грн (з ПДВ), мін. 10 шт. ціна від 10 шт; на складі 118 шт | AC20: відкрити | AD20: пошук | AF20: Роз'єми та кнопки | AG20: J503 вольтметр: 1 V+, 2 GND, 3 SNS | AH20: B3B-XH-A(LF)(SN) (JST) | AI20: https://imrad.com.ua/ua/b3b-xh-a-9 | AJ20: =IF(L20>0,IFERROR(MATCH(O20,Кошики!$A$2:$A$10,0),99)*1000+ROW(),"") -> 1020
A21: 16 | B21: J504 | C21: BTN_EXT | D21: JST_XH_B2B-XH-A_1x02_P2.50mm_Vertical | E21: JST XH 2P вертикальний, крок 2.50 мм, B2B-XH-A(LF)(SN) БЕЗ бобишки. НЕ B2B-XH-AM (з бобишкою: у футпринті J504 немає отвору під неї). НЕ 2.54 мм | F21: 1 | G21: шт | H21: =F21*Інструкція!$C$5 -> 5 | I21: =IF(H21=0,0,MAX(ROUNDUP(H21*INDEX(Інструкція!$C$9:$C$13,MATCH(AF21,Інструкція!$B$9:$B$13,0)),0),INDEX(Інструкція!$D$9:$D$13,MATCH(AF21,Інструкція!$B$9:$B$13,0)))) -> 1 | J21: 10 | K21: 0 | L21: =IF(N21<>"магазин",0,IF(MAX(0,MAX(H21+I21,J21)-K21)=0,0,MAX(X21,CEILING(MAX(0,MAX(H21+I21,J21)-K21),Y21)))) -> 10 | M21: =IF(N21="магазин",L21+K21-H21,IF(N21="книга резисторів 0603",(Набори!$D$5+Набори!$E$5)*Набори!$F$5-H21,"")) -> 5 | N21: магазин | O21: IMRAD | P21: JST B2B-XH-A (LF)(SN) (точний MPN) | Q21: в наявності | R21: =IF(V21="","",IF(W21="без ПДВ",V21*(1+Інструкція!$C$6),V21)) -> 3.2 | S21: =IF(L21=0,0,IF(R21="","",L21*R21)) -> 32 | T21: відкрити | U21: IMRAD: «Є в наявності, на складі» (кількість не показано); ціна від 10 шт (1 шт: 3.72, від 50: 3.05). НЕ B2B-XH-AM (з бобишкою) | V21: 3.2 | W21: як на сторінці | X21: 1 | Y21: 1 | Z21: точний MPN | AA21: 2026-10-25 | AB21: Космодром: JST B2B-XH-A(LF)(SN) (точний MPN), партнерський склад: під замовлення, 3.73 грн (без ПДВ), мін. 20 шт. 4-6 тижнів, ціна від 20 шт | AC21: відкрити | AD21: пошук | AF21: Роз'єми та кнопки | AG21: J504 зовнішня кнопка пробудження: 1 + (+3V3 через R510 1k), 2 BTN (GPIO5) (Population: Populated) | AH21: B2B-XH-A(LF)(SN) (JST) | AI21: https://imrad.com.ua/ua/b2b-xh-a-cwf-2-wk-02-9 | AJ21: =IF(L21>0,IFERROR(MATCH(O21,Кошики!$A$2:$A$10,0),99)*1000+ROW(),"") -> 1021
A22: 17 | B22: L101 | C22: 22uH | D22: L_Bourns_SRN6045TA | E22: 22 мкГн, 6x6 мм під футпринт SRN6045TA, Isat >= 1.6 А: Bourns SRN6045-220M (Isat 1.9 А, Irms 1.5 А, DCR 0.142 Ом max). Sumida CDRH6D38NP-220NC (1.3 А) не ставити | F22: 1 | G22: шт | H22: =F22*Інструкція!$C$5 -> 5 | I22: =IF(H22=0,0,MAX(ROUNDUP(H22*INDEX(Інструкція!$C$9:$C$13,MATCH(AF22,Інструкція!$B$9:$B$13,0)),0),INDEX(Інструкція!$D$9:$D$13,MATCH(AF22,Інструкція!$B$9:$B$13,0)))) -> 1 | J22: 10 | K22: 0 | L22: =IF(N22<>"магазин",0,IF(MAX(0,MAX(H22+I22,J22)-K22)=0,0,MAX(X22,CEILING(MAX(0,MAX(H22+I22,J22)-K22),Y22)))) -> 10 | M22: =IF(N22="магазин",L22+K22-H22,IF(N22="книга резисторів 0603",(Набори!$D$5+Набори!$E$5)*Набори!$F$5-H22,"")) -> 5 | N22: магазин | O22: VD MAIS | P22: Bourns SRN6045-220M (точний MPN) | Q22: в наявності | R22: =IF(V22="","",IF(W22="без ПДВ",V22*(1+Інструкція!$C$6),V22)) -> 12.27 | S22: =IF(L22=0,0,IF(R22="","",L22*R22)) -> 122.7 | T22: відкрити | U22: власний склад VD MAIS: 370 шт, строк 0 тижнів; в IMRAD 22 мкГн з Isat >= 1.6 А немає | V22: 12.27 | W22: з ПДВ | X22: 1 | Y22: 1 | Z22: точний MPN | AA22: 2026-10-25 | AB22: Космодром: Bourns SRN6045-220M (точний MPN), партнерський склад: під замовлення, 43.37 грн (без ПДВ). 4-6 тижнів | AC22: відкрити | AD22: пошук | AF22: Мікросхеми та силові | AG22: L101: дросель buck U101 | AH22: SRN6045-220M (Bourns) | AI22: https://catalog.vdmais.ua/uk/product/srn6045-220m/1628266/ | AJ22: =IF(L22>0,IFERROR(MATCH(O22,Кошики!$A$2:$A$10,0),99)*1000+ROW(),"") -> 2022
A23: 18 | B23: Q501 | C23: SI2309CDS | D23: SOT-23 | E23: Лише Si2309CDS (P-MOSFET -60 В, SOT-23); суфікс -T1-GE3 або -T1-E3 | F23: 1 | G23: шт | H23: =F23*Інструкція!$C$5 -> 5 | I23: =IF(H23=0,0,MAX(ROUNDUP(H23*INDEX(Інструкція!$C$9:$C$13,MATCH(AF23,Інструкція!$B$9:$B$13,0)),0),INDEX(Інструкція!$D$9:$D$13,MATCH(AF23,Інструкція!$B$9:$B$13,0)))) -> 1 | J23: 10 | K23: 0 | L23: =IF(N23<>"магазин",0,IF(MAX(0,MAX(H23+I23,J23)-K23)=0,0,MAX(X23,CEILING(MAX(0,MAX(H23+I23,J23)-K23),Y23)))) -> 10 | M23: =IF(N23="магазин",L23+K23-H23,IF(N23="книга резисторів 0603",(Набори!$D$5+Набори!$E$5)*Набори!$F$5-H23,"")) -> 5 | N23: магазин | O23: IMRAD | P23: Vishay SI2309CDS-T1-GE3 (точний MPN) | Q23: в наявності | R23: =IF(V23="","",IF(W23="без ПДВ",V23*(1+Інструкція!$C$6),V23)) -> 57.12 | S23: =IF(L23=0,0,IF(R23="","",L23*R23)) -> 571.2 | T23: відкрити | U23: IMRAD: «Є в наявності, на складі» (кількість не показано); одна ціна для будь-якої кількості | V23: 57.12 | W23: як на сторінці | X23: 1 | Y23: 1 | Z23: точний MPN | AA23: 2026-10-25 | AB23: Космодром: Vishay SI2309CDS-T1-GE3 (точний MPN): в наявності, 9 грн (без ПДВ). на складі 2980 шт | AC23: відкрити | AD23: пошук | AF23: Мікросхеми та силові | AG23: Q501: ключ живлення вольтметра (GAUGE) | AH23: SI2309CDS-T1-GE3 (Vishay Siliconix) | AI23: https://imrad.com.ua/ua/si2309cds-t1-ge3-3 | AJ23: =IF(L23>0,IFERROR(MATCH(O23,Кошики!$A$2:$A$10,0),99)*1000+ROW(),"") -> 1023
A24: 19 | B24: Q503 | C24: MMBT5551 | D24: SOT-23 | E24: MMBT5551 (NPN 160 В, SOT-23) будь-якого виробника | F24: 1 | G24: шт | H24: =F24*Інструкція!$C$5 -> 5 | I24: =IF(H24=0,0,MAX(ROUNDUP(H24*INDEX(Інструкція!$C$9:$C$13,MATCH(AF24,Інструкція!$B$9:$B$13,0)),0),INDEX(Інструкція!$D$9:$D$13,MATCH(AF24,Інструкція!$B$9:$B$13,0)))) -> 1 | J24: 10 | K24: 0 | L24: =IF(N24<>"магазин",0,IF(MAX(0,MAX(H24+I24,J24)-K24)=0,0,MAX(X24,CEILING(MAX(0,MAX(H24+I24,J24)-K24),Y24)))) -> 10 | M24: =IF(N24="магазин",L24+K24-H24,IF(N24="книга резисторів 0603",(Набори!$D$5+Набори!$E$5)*Набори!$F$5-H24,"")) -> 5 | N24: магазин | O24: IMRAD | P24: onsemi MMBT5551LT1G (точний MPN) | Q24: в наявності | R24: =IF(V24="","",IF(W24="без ПДВ",V24*(1+Інструкція!$C$6),V24)) -> 1.62 | S24: =IF(L24=0,0,IF(R24="","",L24*R24)) -> 16.2 | T24: відкрити | U24: IMRAD: «Є в наявності, на складі» (кількість не показано); ціна від 10 шт (1 шт: 1.72, від 50: 1.54) | V24: 1.62 | W24: як на сторінці | X24: 1 | Y24: 1 | Z24: точний MPN | AA24: 2026-10-25 | AB24: Космодром: onsemi MMBT5551LT1G (точний MPN): в наявності, 1 грн (без ПДВ). на складі 804 шт | AC24: відкрити | AD24: пошук | AF24: Мікросхеми та силові | AG24: Q503: джерело струму затвора Q501 | AH24: MMBT5551LT1G (onsemi) | AI24: https://imrad.com.ua/ua/mmbt5551lt1g-3 | AJ24: =IF(L24>0,IFERROR(MATCH(O24,Кошики!$A$2:$A$10,0),99)*1000+ROW(),"") -> 1024
A25: 20 | B25: R101 | C25: 68k | D25: R_0603_1608Metric | E25: 68 кОм, 0603, 1 % | F25: 1 | G25: шт | H25: =F25*Інструкція!$C$5 -> 5 | I25: =IF(H25=0,0,MAX(ROUNDUP(H25*INDEX(Інструкція!$C$9:$C$13,MATCH(AF25,Інструкція!$B$9:$B$13,0)),0),INDEX(Інструкція!$D$9:$D$13,MATCH(AF25,Інструкція!$B$9:$B$13,0)))) -> 3 | J25: 0 | K25: 0 | L25: =IF(N25<>"магазин",0,IF(MAX(0,MAX(H25+I25,J25)-K25)=0,0,MAX(X25,CEILING(MAX(0,MAX(H25+I25,J25)-K25),Y25)))) -> 100 | M25: =IF(N25="магазин",L25+K25-H25,IF(N25="книга резисторів 0603",(Набори!$D$5+Набори!$E$5)*Набори!$F$5-H25,"")) -> 95 | N25: магазин | O25: IMRAD | P25: Yageo RC0603FR-0768KL (68 кОм 1 %), упаковка 100 шт | Q25: в наявності | R25: =IF(V25="","",IF(W25="без ПДВ",V25*(1+Інструкція!$C$6),V25)) -> 0.104 | S25: =IF(L25=0,0,IF(R25="","",L25*R25)) -> 10.4 | T25: відкрити | U25: IMRAD: «Є в наявності, на складі» (кількість не показано); 10.40 грн за 100 шт (від 5 уп.: 8.40, від 10: 7.00); ціна в рядку - за 1 шт | V25: 0.104 | W25: як на сторінці | X25: 100 | Y25: 100 | Z25: точний MPN | AA25: 2026-10-25 | AB25: Mini-Tech: книга резисторів 0603 власника (аркуш «Набори»): з набору. номінал ряду E24 є в книзі власника: якщо не купувати в IMRAD, у стовпці «Джерело» вибрати «книга резисторів 0603» | AC25: відкрити | AD25: пошук | AF25: Дрібні пасивні | AG25: R101: RT частоти U101 (388 кГц) | AH25: RC0603FR-0768KL (Yageo) | AI25: https://imrad.com.ua/ua/rc0603fr-0768kl-8 | AJ25: =IF(L25>0,IFERROR(MATCH(O25,Кошики!$A$2:$A$10,0),99)*1000+ROW(),"") -> 1025
A26: 21 | B26: R102 | C26: 510k | D26: R_0603_1608Metric | E26: 510 кОм, 0603, 1 % | F26: 1 | G26: шт | H26: =F26*Інструкція!$C$5 -> 5 | I26: =IF(H26=0,0,MAX(ROUNDUP(H26*INDEX(Інструкція!$C$9:$C$13,MATCH(AF26,Інструкція!$B$9:$B$13,0)),0),INDEX(Інструкція!$D$9:$D$13,MATCH(AF26,Інструкція!$B$9:$B$13,0)))) -> 3 | J26: 0 | K26: 0 | L26: =IF(N26<>"магазин",0,IF(MAX(0,MAX(H26+I26,J26)-K26)=0,0,MAX(X26,CEILING(MAX(0,MAX(H26+I26,J26)-K26),Y26)))) -> 100 | M26: =IF(N26="магазин",L26+K26-H26,IF(N26="книга резисторів 0603",(Набори!$D$5+Набори!$E$5)*Набори!$F$5-H26,"")) -> 95 | N26: магазин | O26: IMRAD | P26: Royal Ohm 0603SAF5103T5E (510 кОм 1 %), упаковка 100 шт | Q26: в наявності | R26: =IF(V26="","",IF(W26="без ПДВ",V26*(1+Інструкція!$C$6),V26)) -> 0.117 | S26: =IF(L26=0,0,IF(R26="","",L26*R26)) -> 11.7 | T26: відкрити | U26: IMRAD: «Є в наявності, на складі» (кількість не показано); 11.70 грн за 100 шт (від 5 уп.: 9.45, від 10: 7.88); ціна в рядку - за 1 шт | V26: 0.117 | W26: як на сторінці | X26: 100 | Y26: 100 | Z26: точний MPN | AA26: 2026-10-25 | AB26: Mini-Tech: книга резисторів 0603 власника (аркуш «Набори»): з набору. номінал ряду E24 є в книзі власника: якщо не купувати в IMRAD, у стовпці «Джерело» вибрати «книга резисторів 0603» | AC26: відкрити | AD26: пошук | AF26: Дрібні пасивні | AG26: R102: верхнє плече FB U101 (+3V3) | AH26: 0603SAF5103T5E (Royal Ohm) | AI26: https://imrad.com.ua/ua/0603saf5103t5e-1 | AJ26: =IF(L26>0,IFERROR(MATCH(O26,Кошики!$A$2:$A$10,0),99)*1000+ROW(),"") -> 1026
A27: 22 | B27: R103 | C27: 220k | D27: R_0603_1608Metric | E27: 220 кОм, 0603, 1 % | F27: 1 | G27: шт | H27: =F27*Інструкція!$C$5 -> 5 | I27: =IF(H27=0,0,MAX(ROUNDUP(H27*INDEX(Інструкція!$C$9:$C$13,MATCH(AF27,Інструкція!$B$9:$B$13,0)),0),INDEX(Інструкція!$D$9:$D$13,MATCH(AF27,Інструкція!$B$9:$B$13,0)))) -> 3 | J27: 0 | K27: 0 | L27: =IF(N27<>"магазин",0,IF(MAX(0,MAX(H27+I27,J27)-K27)=0,0,MAX(X27,CEILING(MAX(0,MAX(H27+I27,J27)-K27),Y27)))) -> 100 | M27: =IF(N27="магазин",L27+K27-H27,IF(N27="книга резисторів 0603",(Набори!$D$5+Набори!$E$5)*Набори!$F$5-H27,"")) -> 95 | N27: магазин | O27: IMRAD | P27: Yageo RC0603FR-07220KL (220 кОм 1 %), упаковка 100 шт | Q27: в наявності | R27: =IF(V27="","",IF(W27="без ПДВ",V27*(1+Інструкція!$C$6),V27)) -> 0.262 | S27: =IF(L27=0,0,IF(R27="","",L27*R27)) -> 26.2 | T27: відкрити | U27: IMRAD: «Є в наявності, на складі» (кількість не показано); 26.20 грн за 100 шт (від 5 уп.: 25.20, від 10: 21.00); ціна в рядку - за 1 шт | V27: 0.262 | W27: як на сторінці | X27: 100 | Y27: 100 | Z27: точний MPN | AA27: 2026-10-25 | AB27: Mini-Tech: книга резисторів 0603 власника (аркуш «Набори»): з набору. номінал ряду E24 є в книзі власника: якщо не купувати в IMRAD, у стовпці «Джерело» вибрати «книга резисторів 0603» | AC27: відкрити | AD27: пошук | AF27: Дрібні пасивні | AG27: R103: нижнє плече FB U101 | AH27: RC0603FR-07220KL (Yageo) | AI27: https://imrad.com.ua/ua/rc0603fr-07220kl-8 | AJ27: =IF(L27>0,IFERROR(MATCH(O27,Кошики!$A$2:$A$10,0),99)*1000+ROW(),"") -> 1027
A28: 23 | B28: R201, R202, R401, R501, R507 | C28: 10k | D28: R_0603_1608Metric | E28: 10 кОм, 0603, 1 % | F28: 5 | G28: шт | H28: =F28*Інструкція!$C$5 -> 25 | I28: =IF(H28=0,0,MAX(ROUNDUP(H28*INDEX(Інструкція!$C$9:$C$13,MATCH(AF28,Інструкція!$B$9:$B$13,0)),0),INDEX(Інструкція!$D$9:$D$13,MATCH(AF28,Інструкція!$B$9:$B$13,0)))) -> 5 | J28: 0 | K28: 0 | L28: =IF(N28<>"магазин",0,IF(MAX(0,MAX(H28+I28,J28)-K28)=0,0,MAX(X28,CEILING(MAX(0,MAX(H28+I28,J28)-K28),Y28)))) -> 100 | M28: =IF(N28="магазин",L28+K28-H28,IF(N28="книга резисторів 0603",(Набори!$D$5+Набори!$E$5)*Набори!$F$5-H28,"")) -> 75 | N28: магазин | O28: IMRAD | P28: Royal Ohm 0603SAF1002T5E (10 кОм 1 %), упаковка 100 шт | Q28: в наявності | R28: =IF(V28="","",IF(W28="без ПДВ",V28*(1+Інструкція!$C$6),V28)) -> 0.1404 | S28: =IF(L28=0,0,IF(R28="","",L28*R28)) -> 14.04 | T28: відкрити | U28: IMRAD: «Є в наявності, на складі» (кількість не показано); 14.04 грн за 100 шт (від 5 уп.: 11.34, від 10: 9.45); ціна в рядку - за 1 шт | V28: 0.1404 | W28: як на сторінці | X28: 100 | Y28: 100 | Z28: точний MPN | AA28: 2026-10-25 | AB28: Mini-Tech: книга резисторів 0603 власника (аркуш «Набори»): з набору. номінал ряду E24 є в книзі власника: якщо не купувати в IMRAD, у стовпці «Джерело» вибрати «книга резисторів 0603» | AC28: відкрити | AD28: пошук | AF28: Дрібні пасивні | AG28: R201 EN, R202 BOOT, R401 NSS, R501 кнопка, R507 емітер Q503 | AH28: 0603SAF1002T5E (Royal Ohm) | AI28: https://imrad.com.ua/ua/0603saf1002t5e-2 | AJ28: =IF(L28>0,IFERROR(MATCH(O28,Кошики!$A$2:$A$10,0),99)*1000+ROW(),"") -> 1028
A29: 24 | B29: R205, R206 | C29: 5.1k | D29: R_0603_1608Metric | E29: Лише 5.1 кОм (вимога USB-C до CC), 0603 | F29: 2 | G29: шт | H29: =F29*Інструкція!$C$5 -> 10 | I29: =IF(H29=0,0,MAX(ROUNDUP(H29*INDEX(Інструкція!$C$9:$C$13,MATCH(AF29,Інструкція!$B$9:$B$13,0)),0),INDEX(Інструкція!$D$9:$D$13,MATCH(AF29,Інструкція!$B$9:$B$13,0)))) -> 3 | J29: 0 | K29: 0 | L29: =IF(N29<>"магазин",0,IF(MAX(0,MAX(H29+I29,J29)-K29)=0,0,MAX(X29,CEILING(MAX(0,MAX(H29+I29,J29)-K29),Y29)))) -> 100 | M29: =IF(N29="магазин",L29+K29-H29,IF(N29="книга резисторів 0603",(Набори!$D$5+Набори!$E$5)*Набори!$F$5-H29,"")) -> 90 | N29: магазин | O29: IMRAD | P29: Yageo RC0603FR-075K1L (5.1 кОм 1 %), упаковка 100 шт | Q29: в наявності | R29: =IF(V29="","",IF(W29="без ПДВ",V29*(1+Інструкція!$C$6),V29)) -> 0.182 | S29: =IF(L29=0,0,IF(R29="","",L29*R29)) -> 18.2 | T29: відкрити | U29: IMRAD: «Є в наявності, на складі» (кількість не показано); 18.20 грн за 100 шт (від 5 уп.: 14.70, від 10: 12.25); ціна в рядку - за 1 шт | V29: 0.182 | W29: як на сторінці | X29: 100 | Y29: 100 | Z29: точний MPN | AA29: 2026-10-25 | AB29: Mini-Tech: книга резисторів 0603 власника (аркуш «Набори»): з набору. номінал ряду E24 є в книзі власника: якщо не купувати в IMRAD, у стовпці «Джерело» вибрати «книга резисторів 0603» | AC29: відкрити | AD29: пошук | AF29: Дрібні пасивні | AG29: R205/R206: CC1/CC2 USB-C | AH29: RC0603FR-075K1L (Yageo) | AI29: https://imrad.com.ua/ua/rc0603fr-075k1l-4 | AJ29: =IF(L29>0,IFERROR(MATCH(O29,Кошики!$A$2:$A$10,0),99)*1000+ROW(),"") -> 1029
A30: 25 | B30: R208, R209 | C30: 22 | D30: R_0603_1608Metric | E30: 22 Ом, 0603, 1-5 % | F30: 2 | G30: шт | H30: =F30*Інструкція!$C$5 -> 10 | I30: =IF(H30=0,0,MAX(ROUNDUP(H30*INDEX(Інструкція!$C$9:$C$13,MATCH(AF30,Інструкція!$B$9:$B$13,0)),0),INDEX(Інструкція!$D$9:$D$13,MATCH(AF30,Інструкція!$B$9:$B$13,0)))) -> 3 | J30: 0 | K30: 0 | L30: =IF(N30<>"магазин",0,IF(MAX(0,MAX(H30+I30,J30)-K30)=0,0,MAX(X30,CEILING(MAX(0,MAX(H30+I30,J30)-K30),Y30)))) -> 100 | M30: =IF(N30="магазин",L30+K30-H30,IF(N30="книга резисторів 0603",(Набори!$D$5+Набори!$E$5)*Набори!$F$5-H30,"")) -> 90 | N30: магазин | O30: IMRAD | P30: Yageo RC0603FR-0722RL (22 Ом 1 %), упаковка 100 шт | Q30: в наявності | R30: =IF(V30="","",IF(W30="без ПДВ",V30*(1+Інструкція!$C$6),V30)) -> 0.208 | S30: =IF(L30=0,0,IF(R30="","",L30*R30)) -> 20.8 | T30: відкрити | U30: IMRAD: «Є в наявності, на складі» (кількість не показано); 20.80 грн за 100 шт (від 5 уп.: 16.80, від 10: 14.00); ціна в рядку - за 1 шт | V30: 0.208 | W30: як на сторінці | X30: 100 | Y30: 100 | Z30: точний MPN | AA30: 2026-10-25 | AB30: Mini-Tech: книга резисторів 0603 власника (аркуш «Набори»): з набору. номінал ряду E24 є в книзі власника: якщо не купувати в IMRAD, у стовпці «Джерело» вибрати «книга резисторів 0603» | AC30: відкрити | AD30: пошук | AF30: Дрібні пасивні | AG30: R208/R209: послідовні в USB D+/D- | AH30: RC0603FR-0722RL (Yageo) | AI30: https://imrad.com.ua/ua/rc0603fr-0722rl-9 | AJ30: =IF(L30>0,IFERROR(MATCH(O30,Кошики!$A$2:$A$10,0),99)*1000+ROW(),"") -> 1030
... A37: 32 | B37: R512 | C37: 10k | D37: R_1206_3216Metric | E37: 10 кОм, 1206, 1 %, >= 0.25 Вт: Royal Ohm 1206S4F1002T5E (друге джерело Yageo RC1206FR-0710KL) | F37: 1 | G37: шт | H37: =F37*Інструкція!$C$5 -> 5 | I37: =IF(H37=0,0,MAX(ROUNDUP(H37*INDEX(Інструкція!$C$9:$C$13,MATCH(AF37,Інструкція!$B$9:$B$13,0)),0),INDEX(Інструкція!$D$9:$D$13,MATCH(AF37,Інструкція!$B$9:$B$13,0)))) -> 3 | J37: 100 | K37: 0 | L37: =IF(N37<>"магазин",0,IF(MAX(0,MAX(H37+I37,J37)-K37)=0,0,MAX(X37,CEILING(MAX(0,MAX(H37+I37,J37)-K37),Y37)))) -> 100 | M37: =IF(N37="магазин",L37+K37-H37,IF(N37="книга резисторів 0603",(Набори!$D$5+Набори!$E$5)*Набори!$F$5-H37,"")) -> 95 | N37: магазин | O37: IMRAD | P37: Royal Ohm 1206S4F1002T5E (10 кОм 1 % 1206), упаковка 100 шт | Q37: в наявності | R37: =IF(V37="","",IF(W37="без ПДВ",V37*(1+Інструкція!$C$6),V37)) -> 0.2808 | S37: =IF(L37=0,0,IF(R37="","",L37*R37)) -> 28.08 | T37: відкрити | U37: IMRAD: «Є в наявності, на складі» (кількість не показано); 28.08 грн за 100 шт (від 5 уп.: 22.68, від 10: 18.90); ціна в рядку - за 1 шт | V37: 0.2808 | W37: як на сторінці | X37: 100 | Y37: 100 | Z37: точний MPN | AA37: 2026-10-25 | AB37: Космодром: Yageo 10 кОм 1 % 1206 0.25 Вт: в наявності, 0.69 грн (без ПДВ), мін. 100 шт. ціна від 100 шт | AC37: відкрити | AD37: пошук | AF37: Дрібні пасивні | AG37: R512: лінія SENSE вольтметра від VBAT_FUSED | AH37: 1206S4F1002T5E (Royal Ohm) | AI37: https://imrad.com.ua/ua/1206s4f1002t5e-3 | AJ37: =IF(L37>0,IFERROR(MATCH(O37,Кошики!$A$2:$A$10,0),99)*1000+ROW(),"") -> 1037
A38: 33 | B38: TP102, TP103 | C38: +3V3 / GND | D38: TestPoint_Pad_D1.5mm | E38: Деталі немає: контрольні площадки 1.5 мм на платі | F38: 2 | G38: шт | H38: =F38*Інструкція!$C$5 -> 10 | I38: =IF(H38=0,0,MAX(ROUNDUP(H38*INDEX(Інструкція!$C$9:$C$13,MATCH(AF38,Інструкція!$B$9:$B$13,0)),0),INDEX(Інструкція!$D$9:$D$13,MATCH(AF38,Інструкція!$B$9:$B$13,0)))) -> 0 | J38: 0 | K38: 0 | L38: =IF(N38<>"магазин",0,IF(MAX(0,MAX(H38+I38,J38)-K38)=0,0,MAX(X38,CEILING(MAX(0,MAX(H38+I38,J38)-K38),Y38)))) -> 0 | M38: =IF(N38="магазин",L38+K38-H38,IF(N38="книга резисторів 0603",(Набори!$D$5+Набори!$E$5)*Набори!$F$5-H38,"")) | N38: не купується | O38: не купується | P38: площадки на платі | Q38: не купується | R38: =IF(V38="","",IF(W38="без ПДВ",V38*(1+Інструкція!$C$6),V38)) | S38: =IF(L38=0,0,IF(R38="","",L38*R38)) -> 0 | W38: як на сторінці | X38: 1 | Y38: 1 | AF38: Без деталі | AG38: TP102 +3V3, TP103 GND | AH38: - | AJ38: =IF(L38>0,IFERROR(MATCH(O38,Кошики!$A$2:$A$10,0),99)*1000+ROW(),"")
A39: 34 | B39: U101 | C39: LMR38010SDDAR | D39: TI_SO-PowerPAD-8 | E39: LMR38010 у PFM-варіанті: LMR38010SQDDARQ1 (AEC-Q100 версія того самого кристала, той самий корпус) або LMR38010SDDAR. FDDAR / FSDDAR (примусовий PWM) НЕ купувати | F39: 1 | G39: шт | H39: =F39*Інструкція!$C$5 -> 5 | I39: =IF(H39=0,0,MAX(ROUNDUP(H39*INDEX(Інструкція!$C$9:$C$13,MATCH(AF39,Інструкція!$B$9:$B$13,0)),0),INDEX(Інструкція!$D$9:$D$13,MATCH(AF39,Інструкція!$B$9:$B$13,0)))) -> 1 | J39: 0 | K39: 0 | L39: =IF(N39<>"магазин",0,IF(MAX(0,MAX(H39+I39,J39)-K39)=0,0,MAX(X39,CEILING(MAX(0,MAX(H39+I39,J39)-K39),Y39)))) -> 6 | M39: =IF(N39="магазин",L39+K39-H39,IF(N39="книга резисторів 0603",(Набори!$D$5+Набори!$E$5)*Набори!$F$5-H39,"")) -> 1 | N39: магазин | O39: VD MAIS | P39: TI LMR38010SQDDARQ1 (Q1-версія LMR38010SDDAR), Digi-Key через VD MAIS | Q39: під замовлення | R39: =IF(V39="","",IF(W39="без ПДВ",V39*(1+Інструкція!$C$6),V39)) -> 302.184 | S39: =IF(L39=0,0,IF(R39="","",L39*R39)) -> 1813.104 | T39: відкрити | U39: Digi-Key 296-LMR38010SQDDARQ1CT-ND: 2220 шт, 3 тижні; 251.82 грн без ПДВ (від 10: 225.26), дані API VD MAIS. В IMRAD немає. Замовляти зараз разом з F501 і U301 | V39: 251.82 | W39: без ПДВ | X39: 1 | Y39: 1 | Z39: еквівалент | AA39: 2026-10-25 | AB39: Космодром: TI LMR38010SDDAR (точний MPN KiCad), партнерський склад: під замовлення, 84.59 грн (без ПДВ). 4-6 тижнів | AC39: відкрити | AD39: пошук | AF39: Мікросхеми та силові | AG39: U101: buck 6-31 В -> +3V3 | AH39: LMR38010SDDAR (Texas Instruments) | AI39: https://catalog.vdmais.ua/uk/parasearch/?keyword=LMR38010SQDDARQ1 | AJ39: =IF(L39>0,IFERROR(MATCH(O39,Кошики!$A$2:$A$10,0),99)*1000+ROW(),"") -> 2039
A40: 35 | B40: U201 | C40: ESP32-S3-WROOM-1-N16R8 | D40: ESP32-S3-WROOM-1 | E40: ESP32-S3-WROOM-1-N16R8 (або -N16 / -N8, той самий футпринт). Перед пайкою: маркування, MSL3 – просушити | F40: 1 | G40: шт | H40: =F40*Інструкція!$C$5 -> 5 | I40: =IF(H40=0,0,MAX(ROUNDUP(H40*INDEX(Інструкція!$C$9:$C$13,MATCH(AF40,Інструкція!$B$9:$B$13,0)),0),INDEX(Інструкція!$D$9:$D$13,MATCH(AF40,Інструкція!$B$9:$B$13,0)))) -> 0 | J40: 0 | K40: 0 | L40: =IF(N40<>"магазин",0,IF(MAX(0,MAX(H40+I40,J40)-K40)=0,0,MAX(X40,CEILING(MAX(0,MAX(H40+I40,J40)-K40),Y40)))) -> 0 | M40: =IF(N40="магазин",L40+K40-H40,IF(N40="книга резисторів 0603",(Набори!$D$5+Набори!$E$5)*Набори!$F$5-H40,"")) | N40: є у власника | O40: є у власника | P40: вже куплено | Q40: є у власника | R40: =IF(V40="","",IF(W40="без ПДВ",V40*(1+Інструкція!$C$6),V40)) | S40: =IF(L40=0,0,IF(R40="","",L40*R40)) -> 0 | U40: якщо знадобиться ще – резервний варіант | W40: як на сторінці | X40: 1 | Y40: 1 | AB40: IMRAD: Espressif ESP32-S3-WROOM-1-N16R8 (точний MPN): в наявності, 480.56 грн (як на сторінці). IMRAD: «Є в наявності, на складі» (кількість не показано); якщо знадобиться ще; 1 шт: 480.56, від 2: 451.73, від 4: 432.51 | AC40: відкрити | AD40: пошук | AE40: так | AF40: Модулі | AG40: U201: мікроконтролер | AH40: ESP32-S3-WROOM-1-N16R8 (or -N16 / -N8, same footprint) (Espressif) | AJ40: =IF(L40>0,IFERROR(MATCH(O40,Кошики!$A$2:$A$10,0),99)*1000+ROW(),"")
A41: 36 | B41: U202 | C41: TPS3808G33DBVR | D41: SOT-23-6 | E41: Лише TPS3808G33DBVR. MAX809T (IMRAD) потребує зміни кола скидання: лише rev-b. Може лишитися з rev-c (див. «Вже є») | F41: 1 | G41: шт | H41: =F41*Інструкція!$C$5 -> 5 | I41: =IF(H41=0,0,MAX(ROUNDUP(H41*INDEX(Інструкція!$C$9:$C$13,MATCH(AF41,Інструкція!$B$9:$B$13,0)),0),INDEX(Інструкція!$D$9:$D$13,MATCH(AF41,Інструкція!$B$9:$B$13,0)))) -> 1 | J41: 0 | K41: 0 | L41: =IF(N41<>"магазин",0,IF(MAX(0,MAX(H41+I41,J41)-K41)=0,0,MAX(X41,CEILING(MAX(0,MAX(H41+I41,J41)-K41),Y41)))) -> 6 | M41: =IF(N41="магазин",L41+K41-H41,IF(N41="книга резисторів 0603",(Набори!$D$5+Набори!$E$5)*Набори!$F$5-H41,"")) -> 1 | N41: магазин | O41: VD MAIS | P41: TI TPS3808G33DBVR (точний MPN) | Q41: в наявності | R41: =IF(V41="","",IF(W41="без ПДВ",V41*(1+Інструкція!$C$6),V41)) -> 84.42 | S41: =IF(L41=0,0,IF(R41="","",L41*R41)) -> 506.52 | T41: відкрити | U41: власний склад VD MAIS: 227 шт, строк 0 тижнів | V41: 84.42 | W41: з ПДВ | X41: 1 | Y41: 1 | Z41: точний MPN | AA41: 2026-10-25 | AB41: IMRAD: TI TPS3808G33DBVR (точний MPN): під замовлення, 109.23 грн (як на сторінці). 6-10 робочих днів; від 14 шт: 66.35 | AC41: відкрити | AD41: пошук | AE41: так | AF41: Мікросхеми та силові | AG41: U202: супервізор живлення на EN | AH41: TPS3808G33DBVR (Texas Instruments) | AI41: https://catalog.vdmais.ua/uk/product/tps3808g33dbvr/1716171/ | AJ41: =IF(L41>0,IFERROR(MATCH(O41,Кошики!$A$2:$A$10,0),99)*1000+ROW(),"") -> 2041
A42: 37 | B42: U203 | C42: USBLC6-2SC6 | D42: SOT-23-6 | E42: Лише ST USBLC6-2SC6 (клони UMW/TECH PUBLIC мають іншу напругу обмеження). Може лишитися з rev-c | F42: 1 | G42: шт | H42: =F42*Інструкція!$C$5 -> 5 | I42: =IF(H42=0,0,MAX(ROUNDUP(H42*INDEX(Інструкція!$C$9:$C$13,MATCH(AF42,Інструкція!$B$9:$B$13,0)),0),INDEX(Інструкція!$D$9:$D$13,MATCH(AF42,Інструкція!$B$9:$B$13,0)))) -> 1 | J42: 10 | K42: 0 | L42: =IF(N42<>"магазин",0,IF(MAX(0,MAX(H42+I42,J42)-K42)=0,0,MAX(X42,CEILING(MAX(0,MAX(H42+I42,J42)-K42),Y42)))) -> 10 | M42: =IF(N42="магазин",L42+K42-H42,IF(N42="книга резисторів 0603",(Набори!$D$5+Набори!$E$5)*Набори!$F$5-H42,"")) -> 5 | N42: магазин | O42: IMRAD | P42: ST USBLC6-2SC6 (точний MPN) | Q42: в наявності | R42: =IF(V42="","",IF(W42="без ПДВ",V42*(1+Інструкція!$C$6),V42)) -> 10.84 | S42: =IF(L42=0,0,IF(R42="","",L42*R42)) -> 108.4 | T42: відкрити | U42: IMRAD: «Є в наявності, на складі» (кількість не показано); ціна від 10 шт (1 шт: 11.50, від 35: 10.38) | V42: 10.84 | W42: як на сторінці | X42: 1 | Y42: 1 | Z42: точний MPN | AA42: 2026-10-25 | AB42: Космодром: ST USBLC6-2SC6 (точний MPN): в наявності, 7.5 грн (без ПДВ). на складі 61 шт | AC42: відкрити | AD42: пошук | AE42: так | AF42: Мікросхеми та силові | AG42: U203: ESD-захист USB | AH42: USBLC6-2SC6 (STMicroelectronics) | AI42: https://imrad.com.ua/ua/usblc6-2sc6-4 | AJ42: =IF(L42>0,IFERROR(MATCH(O42,Кошики!$A$2:$A$10,0),99)*1000+ROW(),"") -> 1042
A43: 38 | B43: U301 | C43: ADS1115IDGSR | D43: TSSOP-10_3x3mm_P0.5mm | E43: Лише ADS1115IDGSR (VSSOP-10). Модулі-плати ADS1115 не підходять | F43: 1 | G43: шт | H43: =F43*Інструкція!$C$5 -> 5 | I43: =IF(H43=0,0,MAX(ROUNDUP(H43*INDEX(Інструкція!$C$9:$C$13,MATCH(AF43,Інструкція!$B$9:$B$13,0)),0),INDEX(Інструкція!$D$9:$D$13,MATCH(AF43,Інструкція!$B$9:$B$13,0)))) -> 1 | J43: 0 | K43: 0 | L43: =IF(N43<>"магазин",0,IF(MAX(0,MAX(H43+I43,J43)-K43)=0,0,MAX(X43,CEILING(MAX(0,MAX(H43+I43,J43)-K43),Y43)))) -> 6 | M43: =IF(N43="магазин",L43+K43-H43,IF(N43="книга резисторів 0603",(Набори!$D$5+Набори!$E$5)*Набори!$F$5-H43,"")) -> 1 | N43: магазин | O43: VD MAIS | P43: TI ADS1115IDGSR: 4 шт власний склад VD MAIS + 2 шт Digi-Key через VD MAIS | Q43: в наявності | R43: =IF(V43="","",IF(W43="без ПДВ",V43*(1+Інструкція!$C$6),V43)) -> 282.01 | S43: =IF(L43=0,0,IF(R43="","",L43*R43)) -> 1692.06 | T43: відкрити | U43: власний склад: 4 шт по 198.23 грн, строк 0 тижнів; решта 2 шт - Digi-Key 296-38849-1-ND (34304 шт, 3 тижні, 374.63 грн без ПДВ = 449.56 з ПДВ) у тому ж кошику VD MAIS. Ціна в рядку - середня для 6 шт ((4 x 198.23 + 2 x 449.56) / 6 = 282.01); для іншої кількості перерахувати | V43: 282.01 | W43: з ПДВ | X43: 1 | Y43: 1 | Z43: точний MPN | AA43: 2026-10-25 | AB43: IMRAD: TI ADS1115IDGSR (точний MPN): під замовлення, 217.65 грн (як на сторінці), мін. 5 шт. 6-10 робочих днів; від 5 шт (1 шт: 346.29, від 10: 205.51) | AC43: відкрити | AD43: пошук | AF43: Мікросхеми та силові | AG43: U301: 16-бітний АЦП напруги батареї, I2C 0x48 | AH43: ADS1115IDGSR (Texas Instruments) | AI43: https://catalog.vdmais.ua/uk/product/ads1115idgsr/1745986/ | AJ43: =IF(L43>0,IFERROR(MATCH(O43,Кошики!$A$2:$A$10,0),99)*1000+ROW(),"") -> 2043
A44: 39 | B44: U401 | C44: Ra-02 | D44: Ra02_Source | E44: Ai-Thinker Ra-02, 433 МГц, з роз'ємом IPEX (не Ra-01, не 868/915 МГц) | F44: 1 | G44: шт | H44: =F44*Інструкція!$C$5 -> 5 | I44: =IF(H44=0,0,MAX(ROUNDUP(H44*INDEX(Інструкція!$C$9:$C$13,MATCH(AF44,Інструкція!$B$9:$B$13,0)),0),INDEX(Інструкція!$D$9:$D$13,MATCH(AF44,Інструкція!$B$9:$B$13,0)))) -> 0 | J44: 0 | K44: 0 | L44: =IF(N44<>"магазин",0,IF(MAX(0,MAX(H44+I44,J44)-K44)=0,0,MAX(X44,CEILING(MAX(0,MAX(H44+I44,J44)-K44),Y44)))) -> 0 | M44: =IF(N44="магазин",L44+K44-H44,IF(N44="книга резисторів 0603",(Набори!$D$5+Набори!$E$5)*Набори!$F$5-H44,"")) | N44: є у власника | O44: є у власника | P44: вже куплено | Q44: є у власника | R44: =IF(V44="","",IF(W44="без ПДВ",V44*(1+Інструкція!$C$6),V44)) | S44: =IF(L44=0,0,IF(R44="","",L44*R44)) -> 0 | U44: якщо знадобиться ще – резервний варіант | W44: як на сторінці | X44: 1 | Y44: 1 | AB44: Prom.ua - продавець Ra-02: Ai-Thinker Ra-02 SX1278 433 МГц: в наявності, 230 грн (як на сторінці). ціна 230 грн у заголовку сторінки (2026-10-25); діапазон 433 МГц і роз'єм IPEX перевірити на фото перед покупкою | AC44: відкрити | AD44: пошук | AE44: так | AF44: Модулі | AG44: U401: LoRa (FSPI); не вмикати передачу без антени (Population: fitted (owner Q3)) | AH44: Ra-02 (Ai-Thinker) | AJ44: =IF(L44>0,IFERROR(MATCH(O44,Кошики!$A$2:$A$10,0),99)*1000+ROW(),"")
B45: РАЗОМ | C45: деталей на 1 плату: | F45: =SUMIFS(F6:F44,G6:G44,"шт",N6:N44,"<>не купується") -> 59 | R45: Сума: | S45: =SUM(S6:S44) -> 8328.764
R46: Без ціни: | S46: =COUNTIFS(L6:L44,">0",V6:V44,"") -> 0

Sheet Набори
A1: Аркуш «Набори»: книга SMD резисторів 0603 (ряд E24) власника - безкоштовна альтернатива 9 номіналам 0603, які з 2026-10-25 куплено в IMRAD (щоб брати з книги: «Джерело» = «книга резисторів 0603» на аркуші «Плата»).
A2: «Вже є» = 1: книга вже є у власника (куплена для rev-c). «Купити» = 1, якщо потрібна ще одна (наприклад, книги не вистачає: на аркуші «Плата» статус «набору мало - докупити»).
A3: Якщо книги немає (обидва 0), рядки з джерелом «книга резисторів 0603» стануть червоними: тоді змініть їм «Джерело» на «магазин» і вкажіть магазин.
A4: № | B4: Набір | C4: Що дає для цієї плати / навіщо | D4: Вже є ✎ | E4: Купити ✎ | F4: Шт кожного номіналу | G4: Магазин | H4: Статус | I4: Ціна, грн | J4: Ціна вказана | K4: Ціна з ПДВ, грн | L4: Сума, грн | M4: Посилання | N4: Примітка | O4: URL (службовий)
A5: N1 | B5: Книга SMD резисторів 0603: 170 номіналів x 50 шт, 1 %, 0R-10M (ряд E24) | C5: Є у власника (куплена для rev-c). Безкоштовна альтернатива рядкам 0603 E24 (68k, 510k, 220k, 10k, 5.1k, 22, 4.7k, 1k, 100k), які з 2026-10-25 куплено в IMRAD: щоб брати з книги, у стовпці «Джерело» на аркуші «Плата» вибрати «книга резисторів 0603». НЕ містить прецизійні 0.1 % (вони на аркуші «Плата» з магазину). 1 = купити ще одну | D5: 1 | E5: 0 | F5: 50 | G5: Mini-Tech | H5: в наявності | I5: 825 | J5: як на сторінці | K5: =IF(I5="","",IF(J5="без ПДВ",I5*(1+Інструкція!$C$6),I5)) -> 825 | L5: =IF(K5="","",E5*K5) -> 0 | M5: відкрити | N5: 170 номіналів 0R-10M = ряд E24 (висновок з кількості) | O5: https://www.mini-tech.com.ua/ua/nabor-smd-rezistorov-0603-170
K6: Сума: | L6: =SUM(L5:L5) -> 0

Sheet Поза платою
A1: Аркуш «Поза платою»: що ще купити для монтажу плати в корпус. Цих деталей немає в KiCad BOM (не паяються на плату).
A2: Кількість = «На 1 плату» × кількість плат (Інструкція!C5) + «Запас»; жовті клітинки можна змінювати («Вже є» - якщо щось уже лежить у вас). Сума потрапляє в «Кошики», «Список покупок» і підсумок на «Інструкції».
A3: Запобіжник у проводі «+» батареї (тримач + 2 А) - обов'язковий захист проводу (C-01): F101 на платі розриває лише до 50 А. Кріплення H1-H4 - лише пластикове (нейлон), шайби не більше 7 мм.
A4: № | B4: Для чого | C4: Що купити | D4: Вимоги / допустима заміна | E4: На 1 плату | F4: Од. | G4: Потрібно на всі плати | H4: Запас, шт ✎ | I4: Купити щонайменше ✎ | J4: Вже є ✎ | K4: ЗАМОВИТИ | L4: Магазин ✎ | M4: Що саме замовити | N4: Статус | O4: Ціна на сайті, грн/од. | P4: Ціна вказана | Q4: Ціна з ПДВ, грн/од. | R4: Сума, грн | S4: Посилання | T4: Мін. замовл. | U4: Кратність | V4: Примітка до покупки | W4: Резервний варіант | X4: Резерв: посилання | Y4: Перевірено | Z4: URL (службовий) | AA4: Ключ (службовий)
A5: П1 | B5: J503 (кабель модуля в корпусі) | C5: Модуль LED-вольтметра 0.28", 3 дроти, DC 0-100 В | D5: 3-провідний 0.28" вольтметр 0-100 В: червоний - живлення (J503.1 V+), чорний - GND (J503.2), жовтий - вимір (J503.3 SNS) | E5: 1 | F5: шт | G5: =E5*Інструкція!$C$5 -> 5 | H5: 0 | I5: 0 | J5: 0 | K5: =IF(MAX(0,MAX(G5+H5,I5)-J5)=0,0,MAX(T5,CEILING(MAX(0,MAX(G5+H5,I5)-J5),U5))) -> 5 | L5: Prom.ua - DIY mag | M5: Панельний LED вольтметр 0.28" 0-100V DC, 3-провідний | N5: в наявності | O5: 50 | P5: як на сторінці | Q5: =IF(O5="","",IF(P5="без ПДВ",O5*(1+Інструкція!$C$6),O5)) -> 50 | R5: =IF(K5=0,0,IF(Q5="","",K5*Q5)) -> 250 | S5: відкрити | T5: 1 | U5: 1 | V5: сторінка: живлення DC 4-30 В («перевищення може пошкодити»), споживання < 30 мА, колір індикатора випадковий; у 24 В системі під час вирівнюючого заряду (до 31 В) живлення на межі: перевірити на стенді (B6/B7) | W5: Prom.ua - RADIOFORMAT: Вольтметр цифровий DC 0-100 В, 0.28", червоний, трипровідний: в наявності, 49 грн (як на сторінці). діапазон живлення на сторінці не перевірено | X5: відкрити | Y5: 2026-10-25 | Z5: https://prom.ua/ua/p2882297154-panelnyj-led-voltmetr.html | AA5: =IF(K5>0,IFERROR(MATCH(L5,Кошики!$A$2:$A$10,0),99)*1000+ROW(),"") -> 6005
A6: П2 | B6: J503 B3B-XH-A | C6: Корпус роз'єму JST XHP-3 (відповідь до J503) | D6: JST XHP-3, крок 2.50 мм; контакти SXH-001T-P0.6 окремо | E6: 1 | F6: шт | G6: =E6*Інструкція!$C$5 -> 5 | H6: 1 | I6: 0 | J6: 0 | K6: =IF(MAX(0,MAX(G6+H6,I6)-J6)=0,0,MAX(T6,CEILING(MAX(0,MAX(G6+H6,I6)-J6),U6))) -> 6 | L6: IMRAD | M6: JST XHP-3 | N6: в наявності | O6: 2.16 | P6: як на сторінці | Q6: =IF(O6="","",IF(P6="без ПДВ",O6*(1+Інструкція!$C$6),O6)) -> 2.16 | R6: =IF(K6=0,0,IF(Q6="","",K6*Q6)) -> 12.96 | S6: відкрити | T6: 1 | U6: 1 | V6: в наявності (кількість не показано) | Y6: 2026-10-25 | Z6: https://imrad.com.ua/ua/xhp-3-3 | AA6: =IF(K6>0,IFERROR(MATCH(L6,Кошики!$A$2:$A$10,0),99)*1000+ROW(),"") -> 1006
A7: П3 | B7: J504 B2B-XH-A | C7: Корпус роз'єму JST XHP-2 (відповідь до J504) | D7: JST XHP-2, крок 2.50 мм; контакти SXH-001T-P0.6 окремо | E7: 1 | F7: шт | G7: =E7*Інструкція!$C$5 -> 5 | H7: 1 | I7: 0 | J7: 0 | K7: =IF(MAX(0,MAX(G7+H7,I7)-J7)=0,0,MAX(T7,CEILING(MAX(0,MAX(G7+H7,I7)-J7),U7))) -> 6 | L7: IMRAD | M7: JST XHP-2 | N7: в наявності | O7: 1.72 | P7: як на сторінці | Q7: =IF(O7="","",IF(P7="без ПДВ",O7*(1+Інструкція!$C$6),O7)) -> 1.72 | R7: =IF(K7=0,0,IF(Q7="","",K7*Q7)) -> 10.32 | S7: відкрити | T7: 1 | U7: 1 | V7: в наявності (кількість не показано) | Y7: 2026-10-25 | Z7: https://imrad.com.ua/ua/xhp-2-3 | AA7: =IF(K7>0,IFERROR(MATCH(L7,Кошики!$A$2:$A$10,0),99)*1000+ROW(),"") -> 1007
A8: П4 | B8: XHP-3 (3 шт) + XHP-2 (2 шт) | C8: Контакт обтискний JST SXH-001T-P0.6 (22-28 AWG) | D8: JST SXH-001T-P0.6 для XHP, провід 22-28 AWG (0.08-0.34 мм²); обтискач під JST XH | E8: 5 | F8: шт | G8: =E8*Інструкція!$C$5 -> 25 | H8: 5 | I8: 0 | J8: 0 | K8: =IF(MAX(0,MAX(G8+H8,I8)-J8)=0,0,MAX(T8,CEILING(MAX(0,MAX(G8+H8,I8)-J8),U8))) -> 30 | L8: Космодром | M8: JST SXH-001T-P0.6 (точний MPN) | N8: в наявності | O8: 2 | P8: без ПДВ | Q8: =IF(O8="","",IF(P8="без ПДВ",O8*(1+Інструкція!$C$6),O8)) -> 2.4 | R8: =IF(K8=0,0,IF(Q8="","",K8*Q8)) -> 72 | S8: відкрити | T8: 1 | U8: 1 | V8: на складі 2499 шт | W8: РКС Компоненти: JST SXH-001T-P0.6 (для XHP): в наявності, 2 грн (без ПДВ), мін. 10 шт. у наявності лише 1 шт (Харків), потрібно 30; 10+ по 2.00, 100+ по 1.20 грн без ПДВ | X8: відкрити | Y8: 2026-10-25 | Z8: https://kosmodrom.ua/roz-39-yem-ns25-2-54-mm/sxh-001t-p0-6-2.html | AA8: =IF(K8>0,IFERROR(MATCH(L8,Кошики!$A$2:$A$10,0),99)*1000+ROW(),"") -> 3008
A9: П5 | B9: H1-H4 (отвори 3.2 мм) | C9: Стійка нейлонова M3, внутрішня-внутрішня різьба, 10 мм | D9: Нейлонова стійка M3 F-F (Nylon 66), шестигранник 5.5 мм; висоту підібрати під корпус | E9: 4 | F9: шт | G9: =E9*Інструкція!$C$5 -> 20 | H9: 2 | I9: 0 | J9: 0 | K9: =IF(MAX(0,MAX(G9+H9,I9)-J9)=0,0,MAX(T9,CEILING(MAX(0,MAX(G9+H9,I9)-J9),U9))) -> 22 | L9: Космодром | M9: PLFF-M3-10 (Nylon 66, M3, 10 мм, F-F) | N9: в наявності | O9: 3.5 | P9: без ПДВ | Q9: =IF(O9="","",IF(P9="без ПДВ",O9*(1+Інструкція!$C$6),O9)) -> 4.2 | R9: =IF(K9=0,0,IF(Q9="","",K9*Q9)) -> 92.4 | S9: відкрити | T9: 1 | U9: 1 | V9: на складі 40597 шт; матеріал Nylon 66 94V-2 | W9: РКС Компоненти: KLS8-0214-M3-10 (нейлонова M3/M3, 10 мм, внутрішня/зовнішня різьба): під замовлення, 4 грн (без ПДВ), мін. 5 шт. очікується 15000 шт, під замовлення 150 шт, 7-21 день; тоді гвинтів 4 шт на плату + гайка або різьба в корпусі | X9: відкрити | Y9: 2026-10-25 | Z9: https://kosmodrom.ua/mizhplatni-stiyki-plastikovi/plff-m3-10.html | AA9: =IF(K9>0,IFERROR(MATCH(L9,Кошики!$A$2:$A$10,0),99)*1000+ROW(),"") -> 3009
A10: П6 | B10: H1-H4: плата - стійка (4) і стійка - корпус (4) | C10: Гвинт пластиковий M3x6, напівкругла головка 5.5 мм | D10: Пластиковий (нейлоновий) гвинт M3x6, головка до 5.5 мм | E10: 8 | F10: шт | G10: =E10*Інструкція!$C$5 -> 40 | H10: 4 | I10: 0 | J10: 0 | K10: =IF(MAX(0,MAX(G10+H10,I10)-J10)=0,0,MAX(T10,CEILING(MAX(0,MAX(G10+H10,I10)-J10),U10))) -> 44 | L10: РКС Компоненти | M10: KLS8-0318-PF-M3-06 (пластиковий M3x6, головка 5.5 мм) | N10: в наявності | O10: 1.5 | P10: без ПДВ | Q10: =IF(O10="","",IF(P10="без ПДВ",O10*(1+Інструкція!$C$6),O10)) -> 1.8 | R10: =IF(K10=0,0,IF(Q10="","",K10*Q10)) -> 79.2 | S10: відкрити | T10: 14 | U10: 1 | V10: у наявності 103 шт (Львів 98, Харків 5), очікується 20000 шт (дату не показано); 10+ по 2.00, 14+ по 1.50 грн без ПДВ | W10: Космодром: Гвинт пластиковий, полукругла головка під крест M3*6 (упаковка 100 шт): в наявності, 1.86 грн (без ПДВ), мін. 100 шт. 186 грн за упаковку 100 шт (ціна тут за 1 шт); на складі 10 уп. | X10: відкрити | Y10: 2026-10-25 | Z10: https://www.rcscomponents.kiev.ua/product/hvynt-m3-plastykovyi-kls8-0318-pf-m3-06-head-type-a_158561.html | AA10: =IF(K10>0,IFERROR(MATCH(L10,Кошики!$A$2:$A$10,0),99)*1000+ROW(),"") -> 4010
A11: П7 | B11: H1-H4 під головку гвинта; обов'язково біля H3 (F101.2 за 4.45 мм) | C11: Шайба пластикова M3, зовн. 6 мм, 1.5 мм | D11: Пластикова шайба M3, зовнішній діаметр <= 7 мм (не DIN 9021) | E11: 4 | F11: шт | G11: =E11*Інструкція!$C$5 -> 20 | H11: 2 | I11: 0 | J11: 0 | K11: =IF(MAX(0,MAX(G11+H11,I11)-J11)=0,0,MAX(T11,CEILING(MAX(0,MAX(G11+H11,I11)-J11),U11))) -> 22 | L11: РКС Компоненти | M11: KangYang WS3-1.5 (пластик, 6 x 3.1 x 1.5 мм) | N11: в наявності | O11: 1.2 | P11: без ПДВ | Q11: =IF(O11="","",IF(P11="без ПДВ",O11*(1+Інструкція!$C$6),O11)) -> 1.44 | R11: =IF(K11=0,0,IF(Q11="","",K11*Q11)) -> 31.68 | S11: відкрити | T11: 17 | U11: 1 | V11: у наявності 3323 шт; 14+ по 1.50, 17+ по 1.20 грн без ПДВ | W11: Космодром: Plastic Nylon Flat Washer M3x7x1mm White: в наявності, 1.4 грн (без ПДВ), мін. 100 шт. 3800 шт, від 100 шт | X11: відкрити | Y11: 2026-10-25 | Z11: https://www.rcscomponents.kiev.ua/product/shaiba-ws3-1-5_198596.html | AA11: =IF(K11>0,IFERROR(MATCH(L11,Кошики!$A$2:$A$10,0),99)*1000+ROW(),"") -> 4011
A12: П8 | B12: провід батареї «+», не далі 0.2 м від затискача (C-01) | C12: Тримач автомобільного запобіжника MINI (ATM) з кабелем | D12: Тримач у розрив проводу «+» батареї, під запобіжник MINI 11 мм; переріз проводу тримача не менший за провід батареї (0.5-0.75 мм²) | E12: 1 | F12: шт | G12: =E12*Інструкція!$C$5 -> 5 | H12: 0 | I12: 0 | J12: 0 | K12: =IF(MAX(0,MAX(G12+H12,I12)-J12)=0,0,MAX(T12,CEILING(MAX(0,MAX(G12+H12,I12)-J12),U12))) -> 5 | L12: Prom.ua - Connectors | M12: Тримач автомобільного запобіжника міні з кабелем (вологозахисний, з кришкою) | N12: в наявності | O12: 40 | P12: як на сторінці | Q12: =IF(O12="","",IF(P12="без ПДВ",O12*(1+Інструкція!$C$6),O12)) -> 40 | R12: =IF(K12=0,0,IF(Q12="","",K12*Q12)) -> 200 | S12: відкрити | T12: 1 | U12: 1 | V12: замовлення у продавця від 150 грн; переріз проводу на сторінці не вказано: перевірити | W12: Prom.ua - RadioShopUA: Тримач запобіжника mini П-образного з кабелем: в наявності, 36 грн (як на сторінці). замовлення у продавця від 100 грн; переріз проводу не вказано | X12: відкрити | Y12: 2026-10-25 | Z12: https://prom.ua/ua/p2254860639-derzhatel-avtomobilnogo-predohranitelya.html | AA12: =IF(K12>0,IFERROR(MATCH(L12,Кошики!$A$2:$A$10,0),99)*1000+ROW(),"") -> 7012
A13: П9 | B13: у тримач на проводі «+» батареї (C-01); F101 на платі - лише вторинний захист | C13: Запобіжник автомобільний MINI 2 А, 32 В DC | D13: MINI (ATM) 2 А, >= 32 В DC (система 24 В: до 31 В). Для варіанта 48 В - запобіжник >= 80 В DC | E13: 1 | F13: шт | G13: =E13*Інструкція!$C$5 -> 5 | H13: 5 | I13: 0 | J13: 0 | K13: =IF(MAX(0,MAX(G13+H13,I13)-J13)=0,0,MAX(T13,CEILING(MAX(0,MAX(G13+H13,I13)-J13),U13))) -> 10 | L13: РКС Компоненти | M13: MTA MINIVAL 2A (AMFM-2A) | N13: в наявності | O13: 5 | P13: без ПДВ | Q13: =IF(O13="","",IF(P13="без ПДВ",O13*(1+Інструкція!$C$6),O13)) -> 6 | R13: =IF(K13=0,0,IF(Q13="","",K13*Q13)) -> 60 | S13: відкрити | T13: 10 | U13: 1 | V13: у наявності 57 шт (Львів); 2+ по 10.00, 10+ по 5.00 грн без ПДВ; 32 В DC - з опису іншої пропозиції того самого MINIVAL 2A MTA на цій сторінці (у картці складу напруги немає): перевірити маркування | W13: Prom.ua - Doodah: Yiyue FN Mini 2A 32V, 10 шт: в наявності, 54 грн (як на сторінці). 54 грн за 10 шт; замовлення у продавця від 200 грн | X13: відкрити | Y13: 2026-10-25 | Z13: https://www.rcscomponents.kiev.ua/product/zapobizhnyk-avtomobilnyi-minival-2a-amfm-2a_168879.html | AA13: =IF(K13>0,IFERROR(MATCH(L13,Кошики!$A$2:$A$10,0),99)*1000+ROW(),"") -> 4013
Q14: Сума: | R14: =SUM(R5:R13) -> 808.56

Sheet Кошики
A1: Магазин | B1: Рядків (плата) | C1: Рядків (набори) | D1: Рядків (поза платою) | E1: Сума, грн | F1: Мін. сума продавця, грн | G1: Не вистачає до мінімуму, грн | H1: Як купувати
A2: IMRAD | B2: =COUNTIFS(Плата!$O$6:$O$44,A2,Плата!$L$6:$L$44,">0") -> 29 | C2: =COUNTIFS(Набори!$G$5:$G$5,A2,Набори!$E$5:$E$5,">0") -> 0 | D2: =COUNTIFS('Поза платою'!$L$5:$L$13,A2,'Поза платою'!$K$5:$K$13,">0") -> 2 | E2: =SUMIF(Плата!$O$6:$O$44,A2,Плата!$S$6:$S$44)+SUMIF(Набори!$G$5:$G$5,A2,Набори!$L$5:$L$5)+SUMIF('Поза платою'!$L$5:$L$13,A2,'Поза платою'!$R$5:$R$13) -> 3482.6 | G2: =IF(OR(F2="",B2+C2+D2=0),"",MAX(0,F2-E2)) | H2: imrad.com.ua, Київ. Основний магазин цієї плати. Ціна як на сторінці (резистори 0603/1206 - за 100 шт).
A3: VD MAIS | B3: =COUNTIFS(Плата!$O$6:$O$44,A3,Плата!$L$6:$L$44,">0") -> 6 | C3: =COUNTIFS(Набори!$G$5:$G$5,A3,Набори!$E$5:$E$5,">0") -> 0 | D3: =COUNTIFS('Поза платою'!$L$5:$L$13,A3,'Поза платою'!$K$5:$K$13,">0") -> 0 | E3: =SUMIF(Плата!$O$6:$O$44,A3,Плата!$S$6:$S$44)+SUMIF(Набори!$G$5:$G$5,A3,Набори!$L$5:$L$5)+SUMIF('Поза платою'!$L$5:$L$13,A3,'Поза платою'!$R$5:$R$13) -> 4869.444 | G3: =IF(OR(F3="",B3+C3+D3=0),"",MAX(0,F3-E3)) | H3: catalog.vdmais.ua: каталог VD MAIS (партнер Digi-Key в Україні); ціни з ПДВ; оплата карткою для фізосіб.
A4: Космодром | B4: =COUNTIFS(Плата!$O$6:$O$44,A4,Плата!$L$6:$L$44,">0") -> 0 | C4: =COUNTIFS(Набори!$G$5:$G$5,A4,Набори!$E$5:$E$5,">0") -> 0 | D4: =COUNTIFS('Поза платою'!$L$5:$L$13,A4,'Поза платою'!$K$5:$K$13,">0") -> 2 | E4: =SUMIF(Плата!$O$6:$O$44,A4,Плата!$S$6:$S$44)+SUMIF(Набори!$G$5:$G$5,A4,Набори!$L$5:$L$5)+SUMIF('Поза платою'!$L$5:$L$13,A4,'Поза платою'!$R$5:$R$13) -> 164.4 | G4: =IF(OR(F4="",B4+C4+D4=0),"",MAX(0,F4-E4)) | H4: kosmodrom.ua, Харків. Ціни на сайті без ПДВ; доставка Новою поштою. «4 - 6 тижнів» = партнерський склад, під замовлення.
A5: РКС Компоненти | B5: =COUNTIFS(Плата!$O$6:$O$44,A5,Плата!$L$6:$L$44,">0") -> 0 | C5: =COUNTIFS(Набори!$G$5:$G$5,A5,Набори!$E$5:$E$5,">0") -> 0 | D5: =COUNTIFS('Поза платою'!$L$5:$L$13,A5,'Поза платою'!$K$5:$K$13,">0") -> 3 | E5: =SUMIF(Плата!$O$6:$O$44,A5,Плата!$S$6:$S$44)+SUMIF(Набори!$G$5:$G$5,A5,Набори!$L$5:$L$5)+SUMIF('Поза платою'!$L$5:$L$13,A5,'Поза платою'!$R$5:$R$13) -> 170.88 | G5: =IF(OR(F5="",B5+C5+D5=0),"",MAX(0,F5-E5)) | H5: rcscomponents.kiev.ua (Радіомаг). Ціни без ПДВ; у кожної позиції свій мінімум, шт.
A6: Prom.ua - Filur Electric | B6: =COUNTIFS(Плата!$O$6:$O$44,A6,Плата!$L$6:$L$44,">0") -> 0 | C6: =COUNTIFS(Набори!$G$5:$G$5,A6,Набори!$E$5:$E$5,">0") -> 0 | D6: =COUNTIFS('Поза платою'!$L$5:$L$13,A6,'Поза платою'!$K$5:$K$13,">0") -> 0 | E6: =SUMIF(Плата!$O$6:$O$44,A6,Плата!$S$6:$S$44)+SUMIF(Набори!$G$5:$G$5,A6,Набори!$L$5:$L$5)+SUMIF('Поза платою'!$L$5:$L$13,A6,'Поза платою'!$R$5:$R$13) -> 0 | F6: 300 | G6: =IF(OR(F6="",B6+C6+D6=0),"",MAX(0,F6-E6)) | H6: filur.prom.ua; мінімальна сума замовлення на сайті 300 грн.
A7: Prom.ua - DIY mag | B7: =COUNTIFS(Плата!$O$6:$O$44,A7,Плата!$L$6:$L$44,">0") -> 0 | C7: =COUNTIFS(Набори!$G$5:$G$5,A7,Набори!$E$5:$E$5,">0") -> 0 | D7: =COUNTIFS('Поза платою'!$L$5:$L$13,A7,'Поза платою'!$K$5:$K$13,">0") -> 1 | E7: =SUMIF(Плата!$O$6:$O$44,A7,Плата!$S$6:$S$44)+SUMIF(Набори!$G$5:$G$5,A7,Набори!$L$5:$L$5)+SUMIF('Поза платою'!$L$5:$L$13,A7,'Поза платою'!$R$5:$R$13) -> 250 | F7: 100 | G7: =IF(OR(F7="",B7+C7+D7=0),"",MAX(0,F7-E7)) -> 0 | H7: prom.ua, продавець DIY mag; замовлення у продавця від 100 грн (вольтметр, аркуш «Поза платою»).
A8: Prom.ua - Connectors | B8: =COUNTIFS(Плата!$O$6:$O$44,A8,Плата!$L$6:$L$44,">0") -> 0 | C8: =COUNTIFS(Набори!$G$5:$G$5,A8,Набори!$E$5:$E$5,">0") -> 0 | D8: =COUNTIFS('Поза платою'!$L$5:$L$13,A8,'Поза платою'!$K$5:$K$13,">0") -> 1 | E8: =SUMIF(Плата!$O$6:$O$44,A8,Плата!$S$6:$S$44)+SUMIF(Набори!$G$5:$G$5,A8,Набори!$L$5:$L$5)+SUMIF('Поза платою'!$L$5:$L$13,A8,'Поза платою'!$R$5:$R$13) -> 200 | F8: 150 | G8: =IF(OR(F8="",B8+C8+D8=0),"",MAX(0,F8-E8)) -> 0 | H8: prom.ua, продавець Connectors; замовлення у продавця від 150 грн (тримач запобіжника, аркуш «Поза платою»).
A9: Mini-Tech | B9: =COUNTIFS(Плата!$O$6:$O$44,A9,Плата!$L$6:$L$44,">0") -> 0 | C9: =COUNTIFS(Набори!$G$5:$G$5,A9,Набори!$E$5:$E$5,">0") -> 0 | D9: =COUNTIFS('Поза платою'!$L$5:$L$13,A9,'Поза платою'!$K$5:$K$13,">0") -> 0 | E9: =SUMIF(Плата!$O$6:$O$44,A9,Плата!$S$6:$S$44)+SUMIF(Набори!$G$5:$G$5,A9,Набори!$L$5:$L$5)+SUMIF('Поза платою'!$L$5:$L$13,A9,'Поза платою'!$R$5:$R$13) -> 0 | G9: =IF(OR(F9="",B9+C9+D9=0),"",MAX(0,F9-E9)) | H9: mini-tech.com.ua, Київ: книги SMD резисторів (аркуш «Набори»).
A10: AliExpress | B10: =COUNTIFS(Плата!$O$6:$O$44,A10,Плата!$L$6:$L$44,">0") -> 0 | C10: =COUNTIFS(Набори!$G$5:$G$5,A10,Набори!$E$5:$E$5,">0") -> 0 | D10: =COUNTIFS('Поза платою'!$L$5:$L$13,A10,'Поза платою'!$K$5:$K$13,">0") -> 0 | E10: =SUMIF(Плата!$O$6:$O$44,A10,Плата!$S$6:$S$44)+SUMIF(Набори!$G$5:$G$5,A10,Набори!$L$5:$L$5)+SUMIF('Поза платою'!$L$5:$L$13,A10,'Поза платою'!$R$5:$R$13) -> 0 | G10: =IF(OR(F10="",B10+C10+D10=0),"",MAX(0,F10-E10)) | H10: Лише пошукові посилання (сторінки товарів не перевіряються автоматично). Звіряти номінал, корпус і MPN з рядком.
A11: РАЗОМ | B11: =SUM(B2:B10) -> 35 | C11: =SUM(C2:C10) -> 0 | D11: =SUM(D2:D10) -> 9 | E11: =SUM(E2:E10) -> 9137.324
A13: Що саме купувати в кожному магазині - аркуш «Список покупок». Доставку і комісії не враховано; рядки без ціни (AliExpress) в суму не входять.

Sheet Пропозиції
A1: Рядок «Плата» | B1: Позиції | C1: Потрібна деталь | D1: Роль | E1: Магазин | F1: Пропозиція | G1: Відповідність | H1: Статус (оцінка) | I1: Наявність (як на сторінці) | J1: Ціна (як на сторінці) | K1: Заголовок сторінки | L1: HTTP | M1: Деталь названа на сторінці | N1: Посилання | O1: Перевірено
A2: 1 | B2: C101 | C2: 22 мкФ 100 В, алюмінієвий SMD 8x10 мм, low-ESR (Panasonic FK або аналог того самого розміру) | D2: обрано | E2: IMRAD | F2: Panasonic EEEFK2A220P (точний MPN) | G2: точний MPN | H2: в наявності | I2: В наявності | J2: 1 16,13 грн/шт 14,82 грн/шт - від 6 13,69 грн/шт - від 15 12,38 грн/шт - від 70 | K2: ᐉ Конденсатор електролітичний Panasonic EEEFK2A220P купити в Києві • IMRAD - український інтернет-магазин радіодеталей | L2: 200 | M2: так | N2: відкрити | O2: 2026-10-25
A3: 1 | B3: C101 | C3: 22 мкФ 100 В, алюмінієвий SMD 8x10 мм, low-ESR (Panasonic FK або аналог того самого розміру) | D3: резерв | E3: Космодром | F3: Panasonic EEEFK2A220P (точний MPN) | G3: точний MPN | H3: в наявності | I3: Є НА СКЛАДІ, МОЖНА КУПИТИ; на складі 131 шт (склад) | J3: 1+: 14.50 грн без ПДВ; 35+: 14.12 грн без ПДВ; 147+: 13.58 грн без ПДВ | K3: Купити EEEFK2A220P Конденсатор електролітичний на складі КОСМОДРОМ, Харків, Україна | L3: 200 | M3: так | N3: відкрити | O3: 2026-10-25
A4: 1 | B4: C101 | C4: 22 мкФ 100 В, алюмінієвий SMD 8x10 мм, low-ESR (Panasonic FK або аналог того самого розміру) | D4: пошук | E4: AliExpress | F4: пошукова сторінка | G4: пошук | I4: пошукова сторінка (товари не перевіряються) | K4: EEE FK2A220P 22uF 100V SMD - Buy EEE FK2A220P 22uF 100V SMD with free shipping on AliExpress | L4: 200 | M4: так | N4: відкрити | O4: 2026-10-25
A5: 2 | B5: C102 | C5: 10 мкФ 100 В X7S 1210, Murata GRM32EC72A106KE05L (той самий з кодом пакування KE05K; допустима заміна Samsung CL32Y106KCVZ4NE) | D5: обрано | E5: IMRAD | F5: Murata GRM32EC72A106KE05L (точний MPN) | G5: точний MPN | H5: в наявності | I5: В наявності | J5: 1 36,53 грн/шт 32,06 грн/шт - від 5 | K5: ᐉ Конденсатор керамічний MURATA GRM32EC72A106KE05L купити в Києві • IMRAD - український інтернет-магазин радіодеталей | L5: 200 | M5: так | N5: відкрити | O5: 2026-10-25
A6: 2 | B6: C102 | C6: 10 мкФ 100 В X7S 1210, Murata GRM32EC72A106KE05L (той самий з кодом пакування KE05K; допустима заміна Samsung CL32Y106KCVZ4NE) | D6: резерв | E6: VD MAIS | F6: Murata GRM32EC72A106KE05K (10 мкФ 100 В X7S 1210) | G6: еквівалент | H6: в наявності | I6: Є на складі 60 шт Строк 0 тижн. Всього доступно 60 шт | J6: від 1 44.55 грн від 100 41.02 грн від 200 38.78 грн | K6: C1210 10mkF 10% 100V X7R - Замовити на VD MAIS | L6: 200 | M6: так | N6: відкрити | O6: 2026-10-25
A7: 2 | B7: C102 | C7: 10 мкФ 100 В X7S 1210, Murata GRM32EC72A106KE05L (той самий з кодом пакування KE05K; допустима заміна Samsung CL32Y106KCVZ4NE) | D7: пошук | E7: AliExpress | F7: пошукова сторінка | G7: пошук | I7: пошукова сторінка (товари не перевіряються) | K7: 10uF 100V 1210 X7S capacitor - Buy 10uF 100V 1210 X7S capacitor with free shipping on AliExpress | L7: 200 | M7: так | N7: відкрити | O7: 2026-10-25
A8: 3 | B8: C103 | C8: 100 нФ, 0603, X7R, >= 100 В (Samsung CL10B104KC8NNNC або аналог X7R 100 В) | D8: обрано | E8: IMRAD | F8: Samsung CL10B104KC8NNNC (100 нФ X7R 100 В 0603, точний MPN) | G8: точний MPN | H8: в наявності | I8: В наявності | J8: 1 1,65 грн/шт 1,02 грн/шт - від 10 0,94 грн/шт - від 100 | K8: ᐉ Конденсатор керамічний SAMSUNG CL10B104KC8NNNC купити в Києві • IMRAD - український інтернет-магазин радіодеталей | L8: 200 | M8: так | N8: відкрити | O8: 2026-10-25
A9: 3 | B9: C103 | C9: 100 нФ, 0603, X7R, >= 100 В (Samsung CL10B104KC8NNNC або аналог X7R 100 В) | D9: резерв | E9: Космодром | F9: Samsung CL10B104KC8NNNC (точний MPN), партнерський склад | G9: точний MPN | H9: під замовлення | I9: 4 - 6 тижнів (Samsung Electro-Mechanics) | J9: 50+: 2.76 грн без ПДВ | K9: Результаты пошуку за запитом CL10B104KC8NNNC Космодром | L9: 200 | M9: так | N9: відкрити | O9: 2026-10-25
A10: 3 | B10: C103 | C10: 100 нФ, 0603, X7R, >= 100 В (Samsung CL10B104KC8NNNC або аналог X7R 100 В) | D10: пошук | E10: AliExpress | F10: пошукова сторінка | G10: пошук | I10: пошукова сторінка (товари не перевіряються) | K10: 100nF 100V 0603 X7R capacitor - Buy 100nF 100V 0603 X7R capacitor with free shipping on AliExpress | L10: 200 | M10: так | N10: відкрити | O10: 2026-10-25
A11: 4 | B11: C104, C202-C205, C301, C302, C402 | C11: 100 нФ, 0603, X7R, >= 25 В (C104 bootstrap >= 16 В): Samsung CL10B104KB8NNNC (50 В) | D11: обрано | E11: IMRAD | F11: Samsung CL10B104KB8NNNC (100 нФ X7R 50 В 0603, точний MPN) | G11: точний MPN | H11: в наявності | I11: В наявності | J11: 1 1,65 грн/шт 0,72 грн/шт - від 10 0,67 грн/шт - від 100 0,63 грн/шт - від 500 | K11: ᐉ Конденсатор керамічний SAMSUNG CL10B104KB8NNNC купити в Києві • IMRAD - український інтернет-магазин радіодеталей | L11: 200 | M11: так | N11: відкрити | O11: 2026-10-25
A12: 4 | B12: C104, C202-C205, C301, C302, C402 | C12: 100 нФ, 0603, X7R, >= 25 В (C104 bootstrap >= 16 В): Samsung CL10B104KB8NNNC (50 В) | D12: резерв | E12: Космодром | F12: Samsung CL10B104KB8NNNC (точний MPN), партнерський склад | G12: точний MPN | H12: під замовлення | I12: 4 - 6 тижнів (Samsung Electro-Mechanics) | J12: 100+: 1.79 грн без ПДВ | K12: Результаты пошуку за запитом CL10B104KB8NNNC Космодром | L12: 200 | M12: так | N12: відкрити | O12: 2026-10-25
A13: 4 | B13: C104, C202-C205, C301, C302, C402 | C13: 100 нФ, 0603, X7R, >= 25 В (C104 bootstrap >= 16 В): Samsung CL10B104KB8NNNC (50 В) | D13: пошук | E13: AliExpress | F13: пошукова сторінка | G13: пошук | I13: пошукова сторінка (товари не перевіряються) | K13: 100nF 0603 X7R 50V capacitor - Buy 100nF 0603 X7R 50V capacitor with free shipping on AliExpress | L13: 200 | M13: так | N13: відкрити | O13: 2026-10-25
A14: 5 | B14: C105-C107, C201 | C14: 22 мкФ, 0805, X5R, >= 25 В: Murata GRM21BR61E226ME44L (або Samsung CL21A226MAYNNNE того самого класу) | D14: обрано | E14: IMRAD | F14: Murata GRM21BR61E226ME44L (точний MPN) | G14: точний MPN | H14: в наявності | I14: В наявності | J14: 1 13,42 грн/шт 12,04 грн/шт - від 10 11,21 грн/шт - від 100 | K14: ᐉ Конденсатор керамічний MURATA GRM21BR61E226ME44L купити в Києві • IMRAD - український інтернет-магазин радіодеталей | L14: 200 | M14: так | N14: відкрити | O14: 2026-10-25
A15: 5 | B15: C105-C107, C201 | C15: 22 мкФ, 0805, X5R, >= 25 В: Murata GRM21BR61E226ME44L (або Samsung CL21A226MAYNNNE того самого класу) | D15: резерв | E15: Космодром | F15: Murata GRM21BR61E226ME44L (точний MPN), партнерський склад | G15: точний MPN | H15: під замовлення | I15: 4 - 6 тижнів (muRata) | J15: 5+: 32.83 грн без ПДВ | K15: Результаты пошуку за запитом GRM21BR61E226ME44L Космодром | L15: 200 | M15: так | N15: відкрити | O15: 2026-10-25
A16: 5 | B16: C105-C107, C201 | C16: 22 мкФ, 0805, X5R, >= 25 В: Murata GRM21BR61E226ME44L (або Samsung CL21A226MAYNNNE того самого класу) | D16: пошук | E16: AliExpress | F16: пошукова сторінка | G16: пошук | I16: пошукова сторінка (товари не перевіряються) | K16: 22uF 25V 0805 X5R capacitor - Buy 22uF 25V 0805 X5R capacitor with free shipping on AliExpress | L16: 200 | M16: так | N16: відкрити | O16: 2026-10-25
A17: 6 | B17: C401 | C17: 10 мкФ, 0805, X5R або X7R, >= 10 В | D17: обрано | E17: IMRAD | F17: Samsung CL21A106KAYNNNE (точний MPN) | G17: точний MPN | H17: в наявності | I17: В наявності | J17: 1 3,80 грн/шт 3,41 грн/шт - від 10 3,18 грн/шт - від 100 2,98 грн/шт - від 500 | K17: ᐉ Конденсатор керамічний SAMSUNG CL21A106KAYNNNE купити в Києві • IMRAD - український інтернет-магазин радіодеталей | L17: 200 | M17: так | N17: відкрити | O17: 2026-10-25
A18: 6 | B18: C401 | C18: 10 мкФ, 0805, X5R або X7R, >= 10 В | D18: резерв | E18: VD MAIS | F18: Samsung CL21A106KAYNNNE (точний MPN) | G18: точний MPN | H18: в наявності | I18: Є на складі 1293 шт Строк 0 тижн. Всього доступно 1293 шт | J18: від 10 0.92 грн від 100 0.85 грн від 1000 0.81 грн | K18: C0805 10mkF 10% 25V X5R - Замовити на VD MAIS | L18: 200 | M18: так | N18: відкрити | O18: 2026-10-25
A19: 6 | B19: C401 | C19: 10 мкФ, 0805, X5R або X7R, >= 10 В | D19: пошук | E19: AliExpress | F19: пошукова сторінка | G19: пошук | I19: пошукова сторінка (товари не перевіряються) | K19: 10uF 25V 0805 X5R capacitor - Buy 10uF 25V 0805 X5R capacitor with free shipping on AliExpress | L19: 200 | M19: так | N19: відкрити | O19: 2026-10-25
A20: 7 | B20: D101 | C20: Шотткі 100 В 1 А, SMA: Diodes B1100-13-F (VF 0.79 В max при 1 А). НЕ ставити 60-вольтові SS1x (SS16 тощо) | D20: обрано | E20: IMRAD | F20: Diodes B1100-13-F (100 В, 1 А, SMA, точний MPN) | G20: точний MPN | H20: в наявності | I20: В наявності | J20: 1 6,07 грн/шт 5,55 грн/шт - від 10 5,21 грн/шт - від 50 4,93 грн/шт - від 80 | K20: ᐉ Діод Шоттки DIODES INCORPORATED B1100-13-F купити в Києві • IMRAD - український інтернет-магазин радіодеталей | L20: 200 | M20: так | N20: відкрити | O20: 2026-10-25
A21: 7 | B21: D101 | C21: Шотткі 100 В 1 А, SMA: Diodes B1100-13-F (VF 0.79 В max при 1 А). НЕ ставити 60-вольтові SS1x (SS16 тощо) | D21: резерв | E21: Космодром | F21: Diodes B1100-13-F (точний MPN) | G21: точний MPN | H21: в наявності | I21: Є НА СКЛАДІ, МОЖНА КУПИТИ; на складі 1475 шт (склад) | J21: 1+: 3.00 грн без ПДВ; 216+: 2.31 грн без ПДВ; 958+: 2.09 грн без ПДВ | K21: Купити B1100-13-F Діод Шотткі на складі КОСМОДРОМ, Харків, Україна | L21: 200 | M21: так | N21: відкрити | O21: 2026-10-25
A22: 7 | B22: D101 | C22: Шотткі 100 В 1 А, SMA: Diodes B1100-13-F (VF 0.79 В max при 1 А). НЕ ставити 60-вольтові SS1x (SS16 тощо) | D22: пошук | E22: AliExpress | F22: пошукова сторінка | G22: пошук | I22: пошукова сторінка (товари не перевіряються) | K22: B1100 13 F SMA schottky 100V 1A - Buy B1100 13 F SMA schottky 100V 1A with free shipping on AliExpress | L22: 200 | M22: так | N22: відкрити | O22: 2026-10-25
A23: 8 | B23: D102 | C23: SMAJ33A будь-якого виробника: 33 В, 400 Вт, ОДНОНАПРЯМЛЕНИЙ (не SMAJ33CA), SMA | D23: обрано | E23: IMRAD | F23: ST SMAJ33A-TR (однонаправлений, 33 В, 400 Вт, SMA, точний MPN) | G23: точний MPN | H23: в наявності | I23: В наявності | J23: 1 6,85 грн/шт 6,26 грн/шт - від 10 5,87 грн/шт - від 50 5,56 грн/шт - від 80 | K23: ᐉ Захисний діод ST MICROELECTRONICS SMAJ33A-TR купити в Києві • IMRAD - український інтернет-магазин радіодеталей | L23: 200 | M23: так | N23: відкрити | O23: 2026-10-25
A24: 8 | B24: D102 | C24: SMAJ33A будь-якого виробника: 33 В, 400 Вт, ОДНОНАПРЯМЛЕНИЙ (не SMAJ33CA), SMA | D24: резерв | E24: Космодром | F24: ST SMAJ33A-TR (точний MPN), партнерський склад | G24: точний MPN | H24: під замовлення | I24: тимчасово немає на складі, очікується (ST) | 4 - 6 тижнів (ST) | J24: 1+: 4.00 грн без ПДВ | 5+: 9.52 грн без ПДВ | K24: Результаты пошуку за запитом SMAJ33A-TR Космодром | L24: 200 | M24: так | N24: відкрити | O24: 2026-10-25
A25: 8 | B25: D102 | C25: SMAJ33A будь-якого виробника: 33 В, 400 Вт, ОДНОНАПРЯМЛЕНИЙ (не SMAJ33CA), SMA | D25: пошук | E25: AliExpress | F25: пошукова сторінка | G25: пошук | I25: пошукова сторінка (товари не перевіряються) | K25: SMAJ33A TVS diode SMA unidirectional - Buy SMAJ33A TVS diode SMA unidirectional with free shipping on AliExpress | L25: 200 | M25: так | N25: відкрити | O25: 2026-10-25
A26: 9 | B26: D501 | C26: Жовто-зелений світлодіод 0603, Vf близько 2.0-2.4 В (571 нм): Lite-On LTST-C191KGKT. НЕ ставити смарагдові 525 нм / 3 В | D26: обрано | E26: IMRAD | F26: Lite-On LTST-C191KGKT (жовто-зелений 571 нм, точний MPN) | G26: точний MPN | H26: в наявності | I26: В наявності | J26: 1 1,84 грн/шт 1,74 грн/шт - від 10 1,56 грн/шт - від 50 1,34 грн/шт - від 100 | K26: ᐉ Світлодіоди SMD LITEON LTST-C191KGKT купити в Києві • IMRAD - український інтернет-магазин радіодеталей | L26: 200 | M26: так | N26: відкрити | O26: 2026-10-25
A27: 9 | B27: D501 | C27: Жовто-зелений світлодіод 0603, Vf близько 2.0-2.4 В (571 нм): Lite-On LTST-C191KGKT. НЕ ставити смарагдові 525 нм / 3 В | D27: резерв | E27: Космодром | F27: Lite-On LTST-C191KGKT (точний MPN), партнерський склад | G27: точний MPN | H27: під замовлення | I27: 4 - 6 тижнів (LITEON) | J27: 50+: 2.00 грн без ПДВ | K27: Результаты пошуку за запитом LTST-C191KGKT Космодром | L27: 200 | M27: так | N27: відкрити | O27: 2026-10-25
A28: 9 | B28: D501 | C28: Жовто-зелений світлодіод 0603, Vf близько 2.0-2.4 В (571 нм): Lite-On LTST-C191KGKT. НЕ ставити смарагдові 525 нм / 3 В | D28: пошук | E28: AliExpress | F28: пошукова сторінка | G28: пошук | I28: пошукова сторінка (товари не перевіряються) | K28: LTST C191KGKT 0603 LED - Buy LTST C191KGKT 0603 LED with free shipping on AliExpress | L28: 200 | M28: так | N28: відкрити | O28: 2026-10-25
A29: 10 | B29: D502 | C29: Червоний світлодіод 0603, 630 нм, Vf близько 2 В: Kingbright KP-1608SURCK | D29: обрано | E29: IMRAD | F29: Kingbright KP-1608SURCK (червоний 630 нм, точний MPN) | G29: точний MPN | H29: в наявності | I29: В наявності | J29: 1 4,96 грн/шт 4,69 грн/шт - від 10 4,21 грн/шт - від 50 3,61 грн/шт - від 100 | K29: ᐉ Світлодіоди SMD KINGBRIGHT ELECTRONIC KP-1608SURCK купити в Києві • IMRAD - український інтернет-магазин радіодеталей | L29: 200 | M29: так | N29: відкрити | O29: 2026-10-25
A30: 10 | B30: D502 | C30: Червоний світлодіод 0603, 630 нм, Vf близько 2 В: Kingbright KP-1608SURCK | D30: резерв | E30: Космодром | F30: Kingbright KP-1608SURCK (точний MPN), партнерський склад | G30: точний MPN | H30: під замовлення | I30: 4 - 6 тижнів (Kingbright) | J30: 5+: 11.50 грн без ПДВ | K30: Результаты пошуку за запитом KP-1608SURCK Космодром | L30: 200 | M30: так | N30: відкрити | O30: 2026-10-25
A31: 10 | B31: D502 | C31: Червоний світлодіод 0603, 630 нм, Vf близько 2 В: Kingbright KP-1608SURCK | D31: пошук | E31: AliExpress | F31: пошукова сторінка | G31: пошук | I31: пошукова сторінка (товари не перевіряються) | K31: KP 1608SURCK 0603 red LED - Buy KP 1608SURCK 0603 red LED with free shipping on AliExpress | L31: 200 | M31: так | N31: відкрити | O31: 2026-10-25
A32: 11 | B32: F101 | C32: Лише Littelfuse 0451002.MRL (NANO2 451, 2 А 125 В, дуже швидкий) під футпринт Fuse_Littelfuse-NANO2-451_453. 1206-запобіжники 0466 на цей футпринт не стають | D32: обрано | E32: IMRAD | F32: Littelfuse 0451002.MRL (NANO2, 2 А 125 В, точний MPN) | G32: точний MPN | H32: в наявності | I32: В наявності | J32: 1 57,93 грн/шт 55,03 грн/шт - від 4 49,95 грн/шт - від 8 45,86 грн/шт - від 24 | K32: ᐉ Запобіжник плавкий LITTELFUSE 0451002.MRL купити в Києві • IMRAD - український інтернет-магазин радіодеталей | L32: 200 | M32: так | N32: відкрити | O32: 2026-10-25
A33: 11 | B33: F101 | C33: Лише Littelfuse 0451002.MRL (NANO2 451, 2 А 125 В, дуже швидкий) під футпринт Fuse_Littelfuse-NANO2-451_453. 1206-запобіжники 0466 на цей футпринт не стають | D33: резерв | E33: Космодром | F33: Littelfuse 0451002.MRL (точний MPN; виробник на сайті «LTL») | G33: точний MPN | H33: в наявності | I33: Є НА СКЛАДІ, МОЖНА КУПИТИ; на складі 806 шт (склад) | J33: 1+: 8.00 грн без ПДВ; 71+: 7.07 грн без ПДВ; 303+: 6.60 грн без ПДВ | K33: Купити 0451002.MRL Запобіжник плавкий на складі КОСМОДРОМ, Харків, Україна | L33: 200 | M33: так | N33: відкрити | O33: 2026-10-25
A34: 11 | B34: F101 | C34: Лише Littelfuse 0451002.MRL (NANO2 451, 2 А 125 В, дуже швидкий) під футпринт Fuse_Littelfuse-NANO2-451_453. 1206-запобіжники 0466 на цей футпринт не стають | D34: пошук | E34: AliExpress | F34: пошукова сторінка | G34: пошук | I34: пошукова сторінка (товари не перевіряються) | K34: 0451002.MRL NANO2 2A fuse - Buy 0451002.MRL NANO2 2A fuse with free shipping on AliExpress | L34: 200 | M34: так | N34: відкрити | O34: 2026-10-25
A35: 12 | B35: F501 | C35: Лише Littelfuse 0466.250NRHF (0.25 А, 125 В, дуже швидкий, 1206). Інший номінал не ставити: розраховано разом з R511 | D35: обрано | E35: VD MAIS | F35: Littelfuse 0466.250NRHF (точний MPN), Digi-Key через VD MAIS | G35: точний MPN | H35: під замовлення | K35: Пошук по каталогу VD MAIS: 0466.250NRHF | L35: 200 | M35: так | N35: відкрити | O35: 2026-10-25
A36: 12 | B36: F501 | C36: Лише Littelfuse 0466.250NRHF (0.25 А, 125 В, дуже швидкий, 1206). Інший номінал не ставити: розраховано разом з R511 | D36: резерв | E36: Космодром | F36: Littelfuse 0466.250NRHF (точний MPN), партнерський склад | G36: точний MPN | H36: під замовлення | I36: 4 - 6 тижнів (Littelfuse) | J36: 5+: 8.85 грн без ПДВ | K36: Результаты пошуку за запитом 0466.250NRHF Космодром | L36: 200 | M36: так | N36: відкрити | O36: 2026-10-25
A37: 12 | B37: F501 | C37: Лише Littelfuse 0466.250NRHF (0.25 А, 125 В, дуже швидкий, 1206). Інший номінал не ставити: розраховано разом з R511 | D37: пошук | E37: AliExpress | F37: пошукова сторінка | G37: пошук | I37: пошукова сторінка (товари не перевіряються) | K37: 0466.250 fuse 1206 250mA - Buy 0466.250 fuse 1206 250mA with free shipping on AliExpress | L37: 200 | M37: так | N37: відкрити | O37: 2026-10-25
A38: 14 | B38: J201 | C38: GCT USB4105-GF-A на футпринті HRO TYPE-C-31-M-12 (сигнальні площадки ті самі; ніжки корпусу 0.80/1.10 мм у пазах 1.2/1.7 мм): приміряти на голій платі перед пайкою | D38: обрано | E38: IMRAD | F38: GCT USB4105-GF-A (точний MPN) | G38: точний MPN | H38: в наявності | I38: В наявності | J38: 1 37,65 грн/шт 36,30 грн/шт - від 4 34,96 грн/шт - від 8 33,62 грн/шт - від 20 | K38: ᐉ Роз'єм USB GCT USB4105-GF-A купити в Києві • IMRAD - український інтернет-магазин радіодеталей | L38: 200 | M38: так | N38: відкрити | O38: 2026-10-25
A39: 14 | B39: J201 | C39: GCT USB4105-GF-A на футпринті HRO TYPE-C-31-M-12 (сигнальні площадки ті самі; ніжки корпусу 0.80/1.10 мм у пазах 1.2/1.7 мм): приміряти на голій платі перед пайкою | D39: резерв | E39: Космодром | F39: GCT USB4105-GF-A (точний MPN) | G39: точний MPN | H39: в наявності | I39: Є НА СКЛАДІ, МОЖНА КУПИТИ; на складі 726 шт (склад) | J39: 1+: 44.00 грн без ПДВ; 12+: 42.81 грн без ПДВ; 49+: 41.19 грн без ПДВ | K39: Купити USB4105-GF-A USB роз'єм на складі КОСМОДРОМ, Харків, Україна | L39: 200 | M39: так | N39: відкрити | O39: 2026-10-25
A40: 14 | B40: J201 | C40: GCT USB4105-GF-A на футпринті HRO TYPE-C-31-M-12 (сигнальні площадки ті самі; ніжки корпусу 0.80/1.10 мм у пазах 1.2/1.7 мм): приміряти на голій платі перед пайкою | D40: пошук | E40: AliExpress | F40: пошукова сторінка | G40: пошук | I40: пошукова сторінка (товари не перевіряються) | K40: USB4105 GF A USB C - Buy USB4105 GF A USB C with free shipping on AliExpress | L40: 200 | M40: так | N40: відкрити | O40: 2026-10-25
A41: 15 | B41: J503 | C41: JST XH 3P вертикальний, крок 2.50 мм (B3B-XH-A). НЕ 2.54 мм | D41: обрано | E41: IMRAD | F41: JST B3B-XH-A (точний MPN) | G41: точний MPN | H41: в наявності | I41: В наявності | J41: 1 4,82 грн/шт 4,35 грн/шт - від 10 4,20 грн/шт - від 35 3,89 грн/шт - від 100 | K41: Роз'єми сигнальні растр 2,50мм JST B3B-XH-A | L41: 200 | M41: так | N41: відкрити | O41: 2026-10-25
A42: 15 | B42: J503 | C42: JST XH 3P вертикальний, крок 2.50 мм (B3B-XH-A). НЕ 2.54 мм | D42: резерв | E42: VD MAIS | F42: JST B3B-XH-A (LF)(SN) (точний MPN) | G42: точний MPN | H42: в наявності | I42: Є на складі 118 шт Строк 0 тижн. Всього доступно 118 шт | J42: від 10 5.81 грн від 10000 5.17 грн від 15000 4.69 грн | K42: B3B-XH-A - Замовити на VD MAIS | L42: 200 | M42: так | N42: відкрити | O42: 2026-10-25
A43: 15 | B43: J503 | C43: JST XH 3P вертикальний, крок 2.50 мм (B3B-XH-A). НЕ 2.54 мм | D43: пошук | E43: AliExpress | F43: пошукова сторінка | G43: пошук | I43: пошукова сторінка (товари не перевіряються) | K43: JST XH 2.5mm 3P vertical header B3B XH A - Buy JST XH 2.5mm 3P vertical header B3B XH A with free shipping on AliExpress | L43: 200 | M43: так | N43: відкрити | O43: 2026-10-25
A44: 16 | B44: J504 | C44: JST XH 2P вертикальний, крок 2.50 мм, B2B-XH-A(LF)(SN) БЕЗ бобишки. НЕ B2B-XH-AM (з бобишкою: у футпринті J504 немає отвору під неї). НЕ 2.54 мм | D44: обрано | E44: IMRAD | F44: JST B2B-XH-A (LF)(SN) (точний MPN) | G44: точний MPN | H44: в наявності | I44: В наявності | J44: 1 3,72 грн/шт 3,20 грн/шт - від 10 3,05 грн/шт - від 50 | K44: Роз'єми сигнальні растр 2,50мм JST B2B-XH-A [CWF-2] [WK-02] | L44: 200 | M44: так | N44: відкрити | O44: 2026-10-25
A45: 16 | B45: J504 | C45: JST XH 2P вертикальний, крок 2.50 мм, B2B-XH-A(LF)(SN) БЕЗ бобишки. НЕ B2B-XH-AM (з бобишкою: у футпринті J504 немає отвору під неї). НЕ 2.54 мм | D45: резерв | E45: Космодром | F45: JST B2B-XH-A(LF)(SN) (точний MPN), партнерський склад | G45: точний MPN | H45: під замовлення | I45: 4 - 6 тижнів (JST) | J45: 20+: 3.73 грн без ПДВ | K45: Результаты пошуку за запитом B2B-XH-A(LF)(SN) Космодром | L45: 200 | M45: так | N45: відкрити | O45: 2026-10-25
A46: 16 | B46: J504 | C46: JST XH 2P вертикальний, крок 2.50 мм, B2B-XH-A(LF)(SN) БЕЗ бобишки. НЕ B2B-XH-AM (з бобишкою: у футпринті J504 немає отвору під неї). НЕ 2.54 мм | D46: пошук | E46: AliExpress | F46: пошукова сторінка | G46: пошук | I46: пошукова сторінка (товари не перевіряються) | K46: JST XH 2.5mm 2P vertical header B2B XH A - Buy JST XH 2.5mm 2P vertical header B2B XH A with free shipping on AliExpress | L46: 200 | M46: так | N46: відкрити | O46: 2026-10-25
A47: 17 | B47: L101 | C47: 22 мкГн, 6x6 мм під футпринт SRN6045TA, Isat >= 1.6 А: Bourns SRN6045-220M (Isat 1.9 А, Irms 1.5 А, DCR 0.142 Ом max). Sumida CDRH6D38NP-220NC (1.3 А) не ставити | D47: обрано | E47: VD MAIS | F47: Bourns SRN6045-220M (точний MPN) | G47: точний MPN | H47: в наявності | I47: Є на складі 370 шт Строк 0 тижн. Всього доступно 370 шт | J47: від 1 12.27 грн | K47: SRN6045-220M - Замовити на VD MAIS | L47: 200 | M47: так | N47: відкрити | O47: 2026-10-25
A48: 17 | B48: L101 | C48: 22 мкГн, 6x6 мм під футпринт SRN6045TA, Isat >= 1.6 А: Bourns SRN6045-220M (Isat 1.9 А, Irms 1.5 А, DCR 0.142 Ом max). Sumida CDRH6D38NP-220NC (1.3 А) не ставити | D48: резерв | E48: Космодром | F48: Bourns SRN6045-220M (точний MPN), партнерський склад | G48: точний MPN | H48: під замовлення | I48: 4 - 6 тижнів (BOURNS) | J48: 1+: 43.37 грн без ПДВ | K48: Результаты пошуку за запитом SRN6045-220M Космодром | L48: 200 | M48: так | N48: відкрити | O48: 2026-10-25
A49: 17 | B49: L101 | C49: 22 мкГн, 6x6 мм під футпринт SRN6045TA, Isat >= 1.6 А: Bourns SRN6045-220M (Isat 1.9 А, Irms 1.5 А, DCR 0.142 Ом max). Sumida CDRH6D38NP-220NC (1.3 А) не ставити | D49: пошук | E49: AliExpress | F49: пошукова сторінка | G49: пошук | I49: пошукова сторінка (товари не перевіряються) | K49: SRN6045 220M 22uH inductor - Buy SRN6045 220M 22uH inductor with free shipping on AliExpress | L49: 200 | M49: так | N49: відкрити | O49: 2026-10-25
A50: 18 | B50: Q501 | C50: Лише Si2309CDS (P-MOSFET -60 В, SOT-23); суфікс -T1-GE3 або -T1-E3 | D50: обрано | E50: IMRAD | F50: Vishay SI2309CDS-T1-GE3 (точний MPN) | G50: точний MPN | H50: в наявності | I50: В наявності | J50: 1 57,12 грн/шт | K50: ᐉ MOSFET транзистор VISHAY SI2309CDS-T1-GE3 купити в Києві • IMRAD - український інтернет-магазин радіодеталей | L50: 200 | M50: так | N50: відкрити | O50: 2026-10-25
A51: 18 | B51: Q501 | C51: Лише Si2309CDS (P-MOSFET -60 В, SOT-23); суфікс -T1-GE3 або -T1-E3 | D51: резерв | E51: Космодром | F51: Vishay SI2309CDS-T1-GE3 (точний MPN) | G51: точний MPN | H51: в наявності | I51: Є НА СКЛАДІ, МОЖНА КУПИТИ; на складі 2980 шт (склад) | J51: 1+: 9.00 грн без ПДВ; 61+: 8.14 грн без ПДВ; 272+: 7.36 грн без ПДВ | K51: Купити SI2309CDS-T1-GE3 Транзистор польовий MOSFET на складі КОСМОДРОМ, Харків, Україна | L51: 200 | M51: так | N51: відкрити | O51: 2026-10-25
A52: 18 | B52: Q501 | C52: Лише Si2309CDS (P-MOSFET -60 В, SOT-23); суфікс -T1-GE3 або -T1-E3 | D52: пошук | E52: AliExpress | F52: пошукова сторінка | G52: пошук | I52: пошукова сторінка (товари не перевіряються) | K52: SI2309CDS SOT 23 - Buy SI2309CDS SOT 23 with free shipping on AliExpress | L52: 200 | M52: так | N52: відкрити | O52: 2026-10-25
A53: 19 | B53: Q503 | C53: MMBT5551 (NPN 160 В, SOT-23) будь-якого виробника | D53: обрано | E53: IMRAD | F53: onsemi MMBT5551LT1G (точний MPN) | G53: точний MPN | H53: в наявності | I53: В наявності | J53: 1 1,72 грн/шт 1,62 грн/шт - від 10 1,54 грн/шт - від 50 1,40 грн/шт - від 100 | K53: ᐉ Біполярний транзистор ON Semiconductor MMBT5551LT1G купити в Києві • IMRAD - український інтернет-магазин радіодеталей | L53: 200 | M53: так | N53: відкрити | O53: 2026-10-25
A54: 19 | B54: Q503 | C54: MMBT5551 (NPN 160 В, SOT-23) будь-якого виробника | D54: резерв | E54: Космодром | F54: onsemi MMBT5551LT1G (точний MPN) | G54: точний MPN | H54: в наявності | I54: Є НА СКЛАДІ, МОЖНА КУПИТИ; на складі 804 шт (склад) | J54: 1+: 1.00 грн без ПДВ; 628+: 0.80 грн без ПДВ; 2782+: 0.72 грн без ПДВ | K54: Купити MMBT5551LT1G Транзистор біполярний на складі КОСМОДРОМ, Харків, Україна | L54: 200 | M54: так | N54: відкрити | O54: 2026-10-25
A55: 19 | B55: Q503 | C55: MMBT5551 (NPN 160 В, SOT-23) будь-якого виробника | D55: пошук | E55: AliExpress | F55: пошукова сторінка | G55: пошук | I55: пошукова сторінка (товари не перевіряються) | K55: MMBT5551 SOT 23 - Buy MMBT5551 SOT 23 with free shipping on AliExpress | L55: 200 | M55: так | N55: відкрити | O55: 2026-10-25
A56: 20 | B56: R101 | C56: 68 кОм, 0603, 1 % | D56: обрано | E56: IMRAD | F56: Yageo RC0603FR-0768KL (68 кОм 1 %), упаковка 100 шт | G56: точний MPN | H56: в наявності | I56: В наявності | K56: ᐉ Резистори smd YAGEO RC0603FR-0768KL купити в Києві • IMRAD - український інтернет-магазин радіодеталей | L56: 200 | M56: так | N56: відкрити | O56: 2026-10-25
A57: 20 | B57: R101 | C57: 68 кОм, 0603, 1 % | D57: резерв | E57: Mini-Tech | F57: книга резисторів 0603 власника (аркуш «Набори») | G57: еквівалент | H57: з набору | I57: В наявності | J57: 825.00 грн | K57: Набір SMD резисторів у книзі 0603 170 типів 0,125 Вт 1% | L57: 200 | M57: так | N57: відкрити | O57: 2026-10-25
A58: 20 | B58: R101 | C58: 68 кОм, 0603, 1 % | D58: пошук | E58: AliExpress | F58: пошукова сторінка | G58: пошук | I58: пошукова сторінка (товари не перевіряються) | K58: 0603 resistor 68K 1% - Buy 0603 resistor 68K 1% with free shipping on AliExpress | L58: 200 | M58: так | N58: відкрити | O58: 2026-10-25
A59: 21 | B59: R102 | C59: 510 кОм, 0603, 1 % | D59: обрано | E59: IMRAD | F59: Royal Ohm 0603SAF5103T5E (510 кОм 1 %), упаковка 100 шт | G59: точний MPN | H59: в наявності | I59: В наявності | K59: ᐉ Резистори smd ROYAL OHM 0603SAF5103T5E купити в Києві • IMRAD - український інтернет-магазин радіодеталей | L59: 200 | M59: так | N59: відкрити | O59: 2026-10-25
A60: 21 | B60: R102 | C60: 510 кОм, 0603, 1 % | D60: резерв | E60: Mini-Tech | F60: книга резисторів 0603 власника (аркуш «Набори») | G60: еквівалент | H60: з набору | I60: В наявності | J60: 825.00 грн | K60: Набір SMD резисторів у книзі 0603 170 типів 0,125 Вт 1% | L60: 200 | M60: так | N60: відкрити | O60: 2026-10-25
A61: 21 | B61: R102 | C61: 510 кОм, 0603, 1 % | D61: пошук | E61: AliExpress | F61: пошукова сторінка | G61: пошук | I61: пошукова сторінка (товари не перевіряються) | K61: 0603 resistor 510K 1% - Buy 0603 resistor 510K 1% with free shipping on AliExpress | L61: 200 | M61: так | N61: відкрити | O61: 2026-10-25
A62: 22 | B62: R103 | C62: 220 кОм, 0603, 1 % | D62: обрано | E62: IMRAD | F62: Yageo RC0603FR-07220KL (220 кОм 1 %), упаковка 100 шт | G62: точний MPN | H62: в наявності | I62: В наявності | K62: ᐉ Резистори smd YAGEO RC0603FR-07220KL купити в Києві • IMRAD - український інтернет-магазин радіодеталей | L62: 200 | M62: так | N62: відкрити | O62: 2026-10-25
A63: 22 | B63: R103 | C63: 220 кОм, 0603, 1 % | D63: резерв | E63: Mini-Tech | F63: книга резисторів 0603 власника (аркуш «Набори») | G63: еквівалент | H63: з набору | I63: В наявності | J63: 825.00 грн | K63: Набір SMD резисторів у книзі 0603 170 типів 0,125 Вт 1% | L63: 200 | M63: так | N63: відкрити | O63: 2026-10-25
A64: 22 | B64: R103 | C64: 220 кОм, 0603, 1 % | D64: пошук | E64: AliExpress | F64: пошукова сторінка | G64: пошук | I64: пошукова сторінка (товари не перевіряються) | K64: 0603 resistor 220K 1% - Buy 0603 resistor 220K 1% with free shipping on AliExpress | L64: 200 | M64: так | N64: відкрити | O64: 2026-10-25
A65: 23 | B65: R201, R202, R401, R501, R507 | C65: 10 кОм, 0603, 1 % | D65: обрано | E65: IMRAD | F65: Royal Ohm 0603SAF1002T5E (10 кОм 1 %), упаковка 100 шт | G65: точний MPN | H65: в наявності | I65: В наявності | K65: ᐉ Резистори smd ROYAL OHM 0603SAF1002T5E купити в Києві • IMRAD - український інтернет-магазин радіодеталей | L65: 200 | M65: так | N65: відкрити | O65: 2026-10-25
A66: 23 | B66: R201, R202, R401, R501, R507 | C66: 10 кОм, 0603, 1 % | D66: резерв | E66: Mini-Tech | F66: книга резисторів 0603 власника (аркуш «Набори») | G66: еквівалент | H66: з набору | I66: В наявності | J66: 825.00 грн | K66: Набір SMD резисторів у книзі 0603 170 типів 0,125 Вт 1% | L66: 200 | M66: так | N66: відкрити | O66: 2026-10-25
A67: 23 | B67: R201, R202, R401, R501, R507 | C67: 10 кОм, 0603, 1 % | D67: пошук | E67: AliExpress | F67: пошукова сторінка | G67: пошук | I67: пошукова сторінка (товари не перевіряються) | K67: 0603 resistor 10K 1% - Buy 0603 resistor 10K 1% with free shipping on AliExpress | L67: 200 | M67: так | N67: відкрити | O67: 2026-10-25
A68: 24 | B68: R205, R206 | C68: Лише 5.1 кОм (вимога USB-C до CC), 0603 | D68: обрано | E68: IMRAD | F68: Yageo RC0603FR-075K1L (5.1 кОм 1 %), упаковка 100 шт | G68: точний MPN | H68: в наявності | I68: В наявності | K68: ᐉ Резистори smd YAGEO RC0603FR-075K1L купити в Києві • IMRAD - український інтернет-магазин радіодеталей | L68: 200 | M68: так | N68: відкрити | O68: 2026-10-25
A69: 24 | B69: R205, R206 | C69: Лише 5.1 кОм (вимога USB-C до CC), 0603 | D69: резерв | E69: Mini-Tech | F69: книга резисторів 0603 власника (аркуш «Набори») | G69: еквівалент | H69: з набору | I69: В наявності | J69: 825.00 грн | K69: Набір SMD резисторів у книзі 0603 170 типів 0,125 Вт 1% | L69: 200 | M69: так | N69: відкрити | O69: 2026-10-25
A70: 24 | B70: R205, R206 | C70: Лише 5.1 кОм (вимога USB-C до CC), 0603 | D70: пошук | E70: AliExpress | F70: пошукова сторінка | G70: пошук | I70: пошукова сторінка (товари не перевіряються) | K70: 0603 resistor 5.1K 1% - Buy 0603 resistor 5.1K 1% with free shipping on AliExpress | L70: 200 | M70: так | N70: відкрити | O70: 2026-10-25
A71: 25 | B71: R208, R209 | C71: 22 Ом, 0603, 1-5 % | D71: обрано | E71: IMRAD | F71: Yageo RC0603FR-0722RL (22 Ом 1 %), упаковка 100 шт | G71: точний MPN | H71: в наявності | I71: В наявності | K71: ᐉ Резистори smd YAGEO RC0603FR-0722RL купити в Києві • IMRAD - український інтернет-магазин радіодеталей | L71: 200 | M71: так | N71: відкрити | O71: 2026-10-25
A72: 25 | B72: R208, R209 | C72: 22 Ом, 0603, 1-5 % | D72: резерв | E72: Mini-Tech | F72: книга резисторів 0603 власника (аркуш «Набори») | G72: еквівалент | H72: з набору | I72: В наявності | J72: 825.00 грн | K72: Набір SMD резисторів у книзі 0603 170 типів 0,125 Вт 1% | L72: 200 | M72: так | N72: відкрити | O72: 2026-10-25
A73: 25 | B73: R208, R209 | C73: 22 Ом, 0603, 1-5 % | D73: пошук | E73: AliExpress | F73: пошукова сторінка | G73: пошук | I73: пошукова сторінка (товари не перевіряються) | K73: 0603 resistor 22R - Buy 0603 resistor 22R with free shipping on AliExpress | L73: 200 | M73: так | N73: відкрити | O73: 2026-10-25
A74: 26 | B74: R304 | C74: Лише 220 кОм +/-0.1 %, 25 ppm/K, тонкоплівковий, 0805, робоча напруга >= 100 В: Panasonic ERA-6AEB224V (150 В). 1 % не ставити | D74: обрано | E74: IMRAD | F74: Panasonic ERA-6AEB224V (220 кОм 0.1 % 25 ppm/K 0805, точний MPN) | G74: точний MPN | H74: в наявності | I74: В наявності | J74: 1 5,86 грн/шт 5,12 грн/шт - від 10 | K74: ᐉ Резистори smd Panasonic ERA6AEB224V купити в Києві • IMRAD - український інтернет-магазин радіодеталей | L74: 200 | M74: так | N74: відкрити | O74: 2026-10-25
A75: 26 | B75: R304 | C75: Лише 220 кОм +/-0.1 %, 25 ppm/K, тонкоплівковий, 0805, робоча напруга >= 100 В: Panasonic ERA-6AEB224V (150 В). 1 % не ставити | D75: резерв | E75: Космодром | F75: Yageo RT0805BRD07220KL (220 кОм 0.1 % 0805), партнерський склад | G75: еквівалент | H75: під замовлення | I75: 4 - 6 тижнів (YAGEO) | J75: 20+: 4.60 грн без ПДВ | K75: Результаты пошуку за запитом RT0805BRD07220KL Космодром | L75: 200 | M75: так | N75: відкрити | O75: 2026-10-25
A76: 26 | B76: R304 | C76: Лише 220 кОм +/-0.1 %, 25 ppm/K, тонкоплівковий, 0805, робоча напруга >= 100 В: Panasonic ERA-6AEB224V (150 В). 1 % не ставити | D76: пошук | E76: AliExpress | F76: пошукова сторінка | G76: пошук | I76: пошукова сторінка (товари не перевіряються) | K76: ERA 6AEB224V 220K 0.1% 0805 - Buy ERA 6AEB224V 220K 0.1% 0805 with free shipping on AliExpress | L76: 200 | M76: так | N76: відкрити | O76: 2026-10-25
A77: 27 | B77: R305 | C77: Лише 10 кОм +/-0.1 %, 25 ppm/K, тонкоплівковий, 0603. 1 % не ставити | D77: обрано | E77: VD MAIS | F77: Yageo RT0603BRD0710KL (точний MPN) | G77: точний MPN | H77: в наявності | I77: Є на складі 50 шт Строк 0 тижн. Всього доступно 50 шт | J77: від 10 2.07 грн від 100 1.56 грн від 1000 1.42 грн | K77: RC0603 10 kOm 0.1% 25ppm - Замовити на VD MAIS | L77: 200 | M77: так | N77: відкрити | O77: 2026-10-25
A78: 27 | B78: R305 | C78: Лише 10 кОм +/-0.1 %, 25 ppm/K, тонкоплівковий, 0603. 1 % не ставити | D78: резерв | E78: Космодром | F78: Yageo RT0603BRD0710KL (точний MPN), партнерський склад | G78: точний MPN | H78: під замовлення | I78: 4 - 6 тижнів (YAGEO) | J78: 20+: 3.06 грн без ПДВ | K78: Результаты пошуку за запитом RT0603BRD0710KL Космодром | L78: 200 | M78: так | N78: відкрити | O78: 2026-10-25
A79: 27 | B79: R305 | C79: Лише 10 кОм +/-0.1 %, 25 ppm/K, тонкоплівковий, 0603. 1 % не ставити | D79: пошук | E79: AliExpress | F79: пошукова сторінка | G79: пошук | I79: пошукова сторінка (товари не перевіряються) | K79: RT0603BRD0710KL 10K 0.1% 0603 - Buy RT0603BRD0710KL 10K 0.1% 0603 with free shipping on AliExpress | L79: 200 | M79: так | N79: відкрити | O79: 2026-10-25
A80: 28 | B80: R307, R502, R503, R510 | C80: 1 кОм, 0603, 1 % | D80: обрано | E80: IMRAD | F80: Yageo RC0603FR-071KL (1 кОм 1 %), упаковка 100 шт | G80: точний MPN | H80: в наявності | I80: В наявності | K80: ᐉ Резистори smd YAGEO RC0603FR-071KL купити в Києві • IMRAD - український інтернет-магазин радіодеталей | L80: 200 | M80: так | N80: відкрити | O80: 2026-10-25
A81: 28 | B81: R307, R502, R503, R510 | C81: 1 кОм, 0603, 1 % | D81: резерв | E81: Mini-Tech | F81: книга резисторів 0603 власника (аркуш «Набори») | G81: еквівалент | H81: з набору | I81: В наявності | J81: 825.00 грн | K81: Набір SMD резисторів у книзі 0603 170 типів 0,125 Вт 1% | L81: 200 | M81: так | N81: відкрити | O81: 2026-10-25
A82: 28 | B82: R307, R502, R503, R510 | C82: 1 кОм, 0603, 1 % | D82: пошук | E82: AliExpress | F82: пошукова сторінка | G82: пошук | I82: пошукова сторінка (товари не перевіряються) | K82: 0603 resistor 1K 1% - Buy 0603 resistor 1K 1% with free shipping on AliExpress | L82: 200 | M82: так | N82: відкрити | O82: 2026-10-25
A83: 29 | B83: R504, R505 | C83: 4.7 кОм, 0603, 1 % | D83: обрано | E83: IMRAD | F83: Royal Ohm 0603SAF4701T5E (4.7 кОм 1 %; на сайті SMD0603-4K7-1%), упаковка 100 шт | G83: точний MPN | H83: в наявності | I83: В наявності | K83: ᐉ Резистори smd ROYAL OHM SMD0603-4K7-1% купити в Києві • IMRAD - український інтернет-магазин радіодеталей | L83: 200 | M83: так | N83: відкрити | O83: 2026-10-25
A84: 29 | B84: R504, R505 | C84: 4.7 кОм, 0603, 1 % | D84: резерв | E84: Mini-Tech | F84: книга резисторів 0603 власника (аркуш «Набори») | G84: еквівалент | H84: з набору | I84: В наявності | J84: 825.00 грн | K84: Набір SMD резисторів у книзі 0603 170 типів 0,125 Вт 1% | L84: 200 | M84: так | N84: відкрити | O84: 2026-10-25
A85: 29 | B85: R504, R505 | C85: 4.7 кОм, 0603, 1 % | D85: пошук | E85: AliExpress | F85: пошукова сторінка | G85: пошук | I85: пошукова сторінка (товари не перевіряються) | K85: 0603 resistor 4.7K 1% - Buy 0603 resistor 4.7K 1% with free shipping on AliExpress | L85: 200 | M85: так | N85: відкрити | O85: 2026-10-25
A86: 30 | B86: R506, R508, R509 | C86: 100 кОм, 0603, 1 % | D86: обрано | E86: IMRAD | F86: Yageo AC0603FR-07100KL (100 кОм 1 %), упаковка 100 шт | G86: точний MPN | H86: в наявності | I86: В наявності | K86: ᐉ Резистори smd YAGEO AC0603FR-07100KL купити в Києві • IMRAD - український інтернет-магазин радіодеталей | L86: 200 | M86: так | N86: відкрити | O86: 2026-10-25
A87: 30 | B87: R506, R508, R509 | C87: 100 кОм, 0603, 1 % | D87: резерв | E87: Mini-Tech | F87: книга резисторів 0603 власника (аркуш «Набори») | G87: еквівалент | H87: з набору | I87: В наявності | J87: 825.00 грн | K87: Набір SMD резисторів у книзі 0603 170 типів 0,125 Вт 1% | L87: 200 | M87: так | N87: відкрити | O87: 2026-10-25
A88: 30 | B88: R506, R508, R509 | C88: 100 кОм, 0603, 1 % | D88: пошук | E88: AliExpress | F88: пошукова сторінка | G88: пошук | I88: пошукова сторінка (товари не перевіряються) | K88: 0603 resistor 100K 1% - Buy 0603 resistor 100K 1% with free shipping on AliExpress | L88: 200 | M88: так | N88: відкрити | O88: 2026-10-25
A89: 31 | B89: R511 | C89: Лише 4.7 Ом 2512 1 Вт товстоплівковий з перевантаженням 2.5 x Ur протягом 5 с (Yageo RC2512JK-074R7L): 1206-резистори на цей футпринт не стають | D89: обрано | E89: IMRAD | F89: Yageo RC2512JK-074R7L (4.7 Ом 5 % 2512 1 Вт, точний MPN) | G89: точний MPN | H89: в наявності | I89: В наявності | J89: 1 1,58 грн/шт 1,34 грн/шт - від 10 1,04 грн/шт - від 100 0,95 грн/шт - від 500 | K89: ᐉ Резистори smd YAGEO RC2512JK-074R7L купити в Києві • IMRAD - український інтернет-магазин радіодеталей | L89: 200 | M89: так | N89: відкрити | O89: 2026-10-25
A90: 31 | B90: R511 | C90: Лише 4.7 Ом 2512 1 Вт товстоплівковий з перевантаженням 2.5 x Ur протягом 5 с (Yageo RC2512JK-074R7L): 1206-резистори на цей футпринт не стають | D90: резерв | E90: Космодром | F90: Yageo RC2512JK-074R7L (точний MPN), партнерський склад | G90: точний MPN | H90: під замовлення | I90: 4 - 6 тижнів (YAGEO) | J90: 10+: 7.51 грн без ПДВ | K90: Результаты пошуку за запитом RC2512JK-074R7L Космодром | L90: 200 | M90: так | N90: відкрити | O90: 2026-10-25
A91: 31 | B91: R511 | C91: Лише 4.7 Ом 2512 1 Вт товстоплівковий з перевантаженням 2.5 x Ur протягом 5 с (Yageo RC2512JK-074R7L): 1206-резистори на цей футпринт не стають | D91: пошук | E91: AliExpress | F91: пошукова сторінка | G91: пошук | I91: пошукова сторінка (товари не перевіряються) | K91: RC2512JK 074R7L 4.7R 2512 - Buy RC2512JK 074R7L 4.7R 2512 with free shipping on AliExpress | L91: 200 | M91: так | N91: відкрити | O91: 2026-10-25
A92: 32 | B92: R512 | C92: 10 кОм, 1206, 1 %, >= 0.25 Вт: Royal Ohm 1206S4F1002T5E (друге джерело Yageo RC1206FR-0710KL) | D92: обрано | E92: IMRAD | F92: Royal Ohm 1206S4F1002T5E (10 кОм 1 % 1206), упаковка 100 шт | G92: точний MPN | H92: в наявності | I92: В наявності | K92: ᐉ Резистори smd ROYAL OHM 1206S4F1002T5E купити в Києві • IMRAD - український інтернет-магазин радіодеталей | L92: 200 | M92: так | N92: відкрити | O92: 2026-10-25
A93: 32 | B93: R512 | C93: 10 кОм, 1206, 1 %, >= 0.25 Вт: Royal Ohm 1206S4F1002T5E (друге джерело Yageo RC1206FR-0710KL) | D93: резерв | E93: Космодром | F93: Yageo 10 кОм 1 % 1206 0.25 Вт | G93: еквівалент | H93: в наявності | I93: Є НА СКЛАДІ, МОЖНА КУПИТИ; на складі 23300 шт (склад) | J93: 100+: 0.69 грн без ПДВ; 1000+: 0.55 грн без ПДВ; 5000+: 0.35 грн без ПДВ | K93: Купити SMD-резистор (1206) 10 kom ±1% (точні) SMD-резистор на складі КОСМОДРОМ, Харків, Україна | L93: 200 | M93: так | N93: відкрити | O93: 2026-10-25
A94: 32 | B94: R512 | C94: 10 кОм, 1206, 1 %, >= 0.25 Вт: Royal Ohm 1206S4F1002T5E (друге джерело Yageo RC1206FR-0710KL) | D94: пошук | E94: AliExpress | F94: пошукова сторінка | G94: пошук | I94: пошукова сторінка (товари не перевіряються) | K94: 1206 resistor 10K 1% - Buy 1206 resistor 10K 1% with free shipping on AliExpress | L94: 200 | M94: так | N94: відкрити | O94: 2026-10-25
A95: 34 | B95: U101 | C95: LMR38010 у PFM-варіанті: LMR38010SQDDARQ1 (AEC-Q100 версія того самого кристала, той самий корпус) або LMR38010SDDAR. FDDAR / FSDDAR (примусовий PWM) НЕ купувати | D95: обрано | E95: VD MAIS | F95: TI LMR38010SQDDARQ1 (Q1-версія LMR38010SDDAR), Digi-Key через VD MAIS | G95: еквівалент | H95: під замовлення | K95: Пошук по каталогу VD MAIS: LMR38010SQDDARQ1 | L95: 200 | M95: так | N95: відкрити | O95: 2026-10-25
A96: 34 | B96: U101 | C96: LMR38010 у PFM-варіанті: LMR38010SQDDARQ1 (AEC-Q100 версія того самого кристала, той самий корпус) або LMR38010SDDAR. FDDAR / FSDDAR (примусовий PWM) НЕ купувати | D96: резерв | E96: Космодром | F96: TI LMR38010SDDAR (точний MPN KiCad), партнерський склад | G96: точний MPN | H96: під замовлення | I96: 4 - 6 тижнів (TI) | J96: 1+: 84.59 грн без ПДВ | K96: Результаты пошуку за запитом LMR38010SDDAR Космодром | L96: 200 | M96: так | N96: відкрити | O96: 2026-10-25
A97: 34 | B97: U101 | C97: LMR38010 у PFM-варіанті: LMR38010SQDDARQ1 (AEC-Q100 версія того самого кристала, той самий корпус) або LMR38010SDDAR. FDDAR / FSDDAR (примусовий PWM) НЕ купувати | D97: пошук | E97: AliExpress | F97: пошукова сторінка | G97: пошук | I97: пошукова сторінка (товари не перевіряються) | K97: LMR38010SDDAR - Buy LMR38010SDDAR with free shipping on AliExpress | L97: 200 | M97: так | N97: відкрити | O97: 2026-10-25
A98: 35 | B98: U201 | C98: ESP32-S3-WROOM-1-N16R8 (або -N16 / -N8, той самий футпринт). Перед пайкою: маркування, MSL3 – просушити | D98: резерв | E98: IMRAD | F98: Espressif ESP32-S3-WROOM-1-N16R8 (точний MPN) | G98: точний MPN | H98: в наявності | I98: В наявності | J98: 1 480,56 грн/шт 451,73 грн/шт - від 2 432,51 грн/шт - від 4 418,09 грн/шт - від 10 | K98: ᐉ Bluetooth прийомо-передавач ESPRESIF ESP32-S3-WROOM-1-N16R8 купити в Києві • IMRAD - український інтернет-магазин радіодеталей | L98: 200 | M98: так | N98: відкрити | O98: 2026-10-25
A99: 35 | B99: U201 | C99: ESP32-S3-WROOM-1-N16R8 (або -N16 / -N8, той самий футпринт). Перед пайкою: маркування, MSL3 – просушити | D99: пошук | E99: AliExpress | F99: пошукова сторінка | G99: пошук | I99: пошукова сторінка (товари не перевіряються) | K99: ESP32 S3 WROOM 1 N16R8 - Buy ESP32 S3 WROOM 1 N16R8 with free shipping on AliExpress | L99: 200 | M99: так | N99: відкрити | O99: 2026-10-25
A100: 36 | B100: U202 | C100: Лише TPS3808G33DBVR. MAX809T (IMRAD) потребує зміни кола скидання: лише rev-b. Може лишитися з rev-c (див. «Вже є») | D100: обрано | E100: VD MAIS | F100: TI TPS3808G33DBVR (точний MPN) | G100: точний MPN | H100: в наявності | I100: Є на складі 227 шт Строк 0 тижн. Всього доступно 227 шт | J100: від 1 84.42 грн від 25 78.79 грн від 100 73.16 грн | K100: TPS3808G33DBV - Замовити на VD MAIS | L100: 200 | M100: так | N100: відкрити | O100: 2026-10-25
...
